<?xml version="1.0" encoding="US-ASCII" standalone="yes"?><objectListWrapper>
    <objects>
        <objectContainer>
            <project>
                <name>[odf2-example-project v10.2.9.50] Data Submission</name>
                <description/>
                <author>workfusion</author>
                <runs>
                    <run>
                        <blockSize>1</blockSize>
                        <campaign>
                            <active>true</active>
                            <businessRules/>
                            <campaignMaps>
                                <campaignMap>
                                    <activateTracking>false</activateTracking>
                                    <blockSize>1</blockSize>
                                    <businessRule>
                                        <content># Rule.Definition={"moderationRule":false,"approveAllRule":false,"splitData":true,"splitRule":false,"splitRuleSuffix":"","joinRule":false,"joinRuleSuffix":"","streamingRule":false,"streamingRuleSuffix":"","namedRule":false,"namedRuleName":""}
package com.freedomoss.requester;

# list any import classes here.
import java.util.Map;
import java.util.ArrayList;
import com.freedomoss.objective.model.CompositeRuleContext;
import com.freedomoss.objective.model.CompositeRuleDataItemContext;
import org.slf4j.Logger;


# declare any global variables here
global CompositeRuleContext source
global Logger log
global Map params

# RuleContext.SPLIT_DATA

rule "Rule context initialization"
auto-focus true
no-loop
agenda-group "initialization-group"
    when
        $ctx:CompositeRuleContext(initialized == false);
    then
        # insert processed facts into memory
        $ctx.updateWorkingMemory();
        # move to business rules
        kcontext.getKnowledgeRuntime().getAgenda().getAgendaGroup("calculation").setFocus();
end

# RuleOutcome.Definition={"outcomeId":"loop","conditional":true,"reworkBySameWorker":false,"assignToSameWorker":false,"anableLogging":false,"sendRejectNotification":false,"assignToAnyWorker":false,"approveRelatedAssignments":false,"rejectRelatedAssignments":false,"renameAutomationAnswerItem":false,"conditions":[{"fieldName":"_sys_repeat","value":"true","operator":"EQ"}],"customConditions":[]}
rule "1. Send records to 'loop' when _sys_repeat EQ 'true'"
agenda-group "calculation"
dialect "mvel"
salience 100
    when
        $ctx:CompositeRuleContext(initialized == true);
        $item:CompositeRuleDataItemContext();
        eval($item.checkValue("_sys_repeat", "EQ", "true"));

    then
        $ctx.sendResultTo("loop", $item);
end

# RuleOutcome.Definition={"outcomeId":"processing","conditional":true,"reworkBySameWorker":false,"assignToSameWorker":false,"anableLogging":false,"sendRejectNotification":false,"assignToAnyWorker":false,"approveRelatedAssignments":false,"rejectRelatedAssignments":false,"renameAutomationAnswerItem":false,"conditions":[{"fieldName":"_sys_repeat","value":"true","operator":"NE"}],"customConditions":[]}
rule "2. Send records to 'processing' when _sys_repeat NE 'true'"
agenda-group "calculation"
dialect "mvel"
salience 100
    when
        $ctx:CompositeRuleContext(initialized == true);
        $item:CompositeRuleDataItemContext();
        eval($item.checkValue("_sys_repeat", "NE", "true"));

    then
        $ctx.sendResultTo("processing", $item);
end



rule "Send unprocessed result to unconditional outcome(s)"
agenda-group "calculation"
dialect "mvel"
salience 80
    when
        $ctx:CompositeRuleContext(initialized == true);
        $item:CompositeRuleDataItemContext();
    then
        $ctx.sendResultToUnconditionalOutcomes($item, true);
end</content>
                                        <name>monitor loop</name>
                                        <ruleType>WORKFLOW_RULE</ruleType>
                                        <ruleTypeUI>Composite</ruleTypeUI>
                                        <uuid>62fed0a1-6b3a-4021-84a8-7e4ad03277de</uuid>
                                        <workflowRuleMode>SIMPLE</workflowRuleMode>
                                    </businessRule>
                                    <campaign>
                                        <active>true</active>
                                        <businessRules/>
                                        <campaignMaps/>
                                        <campaigns/>
                                        <createNewTrainingSet>false</createNewTrainingSet>
                                        <executingType>MACHINE</executingType>
                                        <goldBucketBlockSize>0</goldBucketBlockSize>
                                        <goldRatio>0</goldRatio>
                                        <goldSource>Empty</goldSource>
                                        <goldType>Percentage</goldType>
                                        <includeOriginalData>false</includeOriginalData>
                                        <machineConfig>
                                            <answers/>
                                            <content>&lt;?xml version="1.0" encoding="UTF-8"?&gt;
&lt;config xmlns="http://web-harvest.sourceforge.net/schema/1.0/config" scriptlang="groovy"&gt;

    
    

    &lt;script&gt;&lt;![CDATA[
        import com.workfusion.odf2.core.Odf
        import com.workfusion.odf2.multiprocess.task.submission.SubmissionMonitorTask
        import com.workfusion.odf2.transaction.task.monitor.MonitorModule
        import com.workfusion.odf2.transaction.TransactionModule
        // after imports

        // before odf builder
        def odf = Odf.builder()
            .withInput(__taskInputMap.getWrappedObject())
            .withModules(new com.workfusion.odf2.core.webharvest.WebHarvestIntegrationModule(binding))
            .withModules(MonitorModule)
.withModules(TransactionModule)
            // after modules
            .build()

        // after odf builder

        result = odf.runTask(SubmissionMonitorTask)

        // after runTask

        rows = result.getRows()
        columns = result.getColumns()

        // after all
    ]]&gt;&lt;/script&gt;

    &lt;case&gt;
        &lt;if condition="${result.isPresent()}"&gt;
            &lt;export include-original-data="false"&gt;
                &lt;multi-column list="${rows}" split-results="${rows.size() &gt; 1}"&gt;
                    &lt;loop item="columnName"&gt;
                        &lt;list&gt;
                            &lt;script return="columns"/&gt;
                        &lt;/list&gt;
                        &lt;body&gt;
                            &lt;put-to-column-getter name="${columnName}" property="${columnName}"/&gt;
                        &lt;/body&gt;
                    &lt;/loop&gt;
                &lt;/multi-column&gt;
            &lt;/export&gt;
        &lt;/if&gt;
    &lt;/case&gt;
&lt;/config&gt;</content>
                                            <gavc>com.workfusion.odf2.example:odf2-example-project-bcb:10.2.9.50:main:submission-monitor</gavc>
                                            <includedConfigs/>
                                            <inclusionCode>a81b8576-a0fb-469b-9c64-f614cf6d1e54</inclusionCode>
                                            <machineWorkSetting>
                                                <category>
                                                    <automation>false</automation>
                                                    <description/>
                                                    <enabled>true</enabled>
                                                    <executingType>MACHINE</executingType>
                                                    <name>Other</name>
                                                    <private>false</private>
                                                    <publicId>dd92f240-144b-4fef-8476-4ec0acbc1105</publicId>
                                                </category>
                                                <contentType>BLANK</contentType>
                                                <description/>
                                                <enabled>true</enabled>
                                                <name>Miscellaneous Tasks</name>
                                                <publicId>26e6e095-00bb-43fa-8c34-af0b18e71ac9</publicId>
                                                <version>
                                                    <lastModified>2024-06-06T12:50:20.360Z</lastModified>
                                                    <componentUuid>26e6e095-00bb-43fa-8c34-af0b18e71ac9</componentUuid>
                                                    <incrementalVersion>1.0</incrementalVersion>
                                                    <lastInChain>true</lastInChain>
                                                    <versionUuid>7c663288-cdcd-4d85-a345-1e249dfade80</versionUuid>
                                                </version>
                                                <answers/>
                                                <machineWorkSettingType>BASIC</machineWorkSettingType>
                                                <template>
                                                    <content>&lt;?xml version="1.0" encoding="UTF-8"?&gt;
&lt;config xmlns="http://web-harvest.sourceforge.net/schema/1.0/config" scriptlang="groovy"&gt;

    
    

    &lt;script&gt;&lt;![CDATA[
        import com.workfusion.odf2.core.Odf
        import com.workfusion.odf2.multiprocess.task.submission.SubmissionMonitorTask
        import com.workfusion.odf2.transaction.task.monitor.MonitorModule
        import com.workfusion.odf2.transaction.TransactionModule
        // after imports

        // before odf builder
        def odf = Odf.builder()
            .withInput(__taskInputMap.getWrappedObject())
            .withModules(new com.workfusion.odf2.core.webharvest.WebHarvestIntegrationModule(binding))
            .withModules(MonitorModule)
.withModules(TransactionModule)
            // after modules
            .build()

        // after odf builder

        result = odf.runTask(SubmissionMonitorTask)

        // after runTask

        rows = result.getRows()
        columns = result.getColumns()

        // after all
    ]]&gt;&lt;/script&gt;

    &lt;case&gt;
        &lt;if condition="${result.isPresent()}"&gt;
            &lt;export include-original-data="false"&gt;
                &lt;multi-column list="${rows}" split-results="${rows.size() &gt; 1}"&gt;
                    &lt;loop item="columnName"&gt;
                        &lt;list&gt;
                            &lt;script return="columns"/&gt;
                        &lt;/list&gt;
                        &lt;body&gt;
                            &lt;put-to-column-getter name="${columnName}" property="${columnName}"/&gt;
                        &lt;/body&gt;
                    &lt;/loop&gt;
                &lt;/multi-column&gt;
            &lt;/export&gt;
        &lt;/if&gt;
    &lt;/case&gt;
&lt;/config&gt;</content>
                                                    <name>Blank</name>
                                                    <origination>CREATED_MANUALLY</origination>
                                                    <status>ACTIVE</status>
                                                    <type>BASE_MACHINE</type>
                                                    <uuid>8f04bd99-7f51-4796-a528-d1a7c9ccfbc4</uuid>
                                                    <version>
                                                        <lastModified>2024-06-06T12:50:20.360Z</lastModified>
                                                        <componentUuid>8f04bd99-7f51-4796-a528-d1a7c9ccfbc4</componentUuid>
                                                        <incrementalVersion>1.0</incrementalVersion>
                                                        <lastInChain>false</lastInChain>
                                                        <versionUuid>7c663288-cdcd-4d85-a345-1e249dfade80</versionUuid>
                                                    </version>
                                                </template>
                                            </machineWorkSetting>
                                            <machineWorkSettingType>BASIC</machineWorkSettingType>
                                            <name>odf2-example-project-bcb v10.2.9.50 (submission-monitor)</name>
                                            <machineConfigOptions/>
                                            <sourceType>BUNDLE</sourceType>
                                            <template>
                                                <content>&lt;?xml version="1.0" encoding="UTF-8"?&gt;
&lt;config xmlns="http://web-harvest.sourceforge.net/schema/1.0/config" scriptlang="groovy"&gt;

    
    

    &lt;script&gt;&lt;![CDATA[
        import com.workfusion.odf2.core.Odf
        import com.workfusion.odf2.multiprocess.task.submission.SubmissionMonitorTask
        import com.workfusion.odf2.transaction.task.monitor.MonitorModule
        import com.workfusion.odf2.transaction.TransactionModule
        // after imports

        // before odf builder
        def odf = Odf.builder()
            .withInput(__taskInputMap.getWrappedObject())
            .withModules(new com.workfusion.odf2.core.webharvest.WebHarvestIntegrationModule(binding))
            .withModules(MonitorModule)
.withModules(TransactionModule)
            // after modules
            .build()

        // after odf builder

        result = odf.runTask(SubmissionMonitorTask)

        // after runTask

        rows = result.getRows()
        columns = result.getColumns()

        // after all
    ]]&gt;&lt;/script&gt;

    &lt;case&gt;
        &lt;if condition="${result.isPresent()}"&gt;
            &lt;export include-original-data="false"&gt;
                &lt;multi-column list="${rows}" split-results="${rows.size() &gt; 1}"&gt;
                    &lt;loop item="columnName"&gt;
                        &lt;list&gt;
                            &lt;script return="columns"/&gt;
                        &lt;/list&gt;
                        &lt;body&gt;
                            &lt;put-to-column-getter name="${columnName}" property="${columnName}"/&gt;
                        &lt;/body&gt;
                    &lt;/loop&gt;
                &lt;/multi-column&gt;
            &lt;/export&gt;
        &lt;/if&gt;
    &lt;/case&gt;
&lt;/config&gt;</content>
                                                <name>Blank</name>
                                                <origination>CREATED_MANUALLY</origination>
                                                <status>ACTIVE</status>
                                                <type>BASE_MACHINE</type>
                                                <uuid>8f04bd99-7f51-4796-a528-d1a7c9ccfbc4</uuid>
                                                <version>
                                                    <lastModified>2024-06-06T12:50:20.360Z</lastModified>
                                                    <componentUuid>8f04bd99-7f51-4796-a528-d1a7c9ccfbc4</componentUuid>
                                                    <incrementalVersion>1.0</incrementalVersion>
                                                    <lastInChain>false</lastInChain>
                                                    <versionUuid>7c663288-cdcd-4d85-a345-1e249dfade80</versionUuid>
                                                </version>
                                            </template>
                                            <uuid>475ad3af-b04e-4c8b-b746-32d8ea5a6373</uuid>
                                            <version>
                                                <lastModified>2024-06-06T12:50:20.360Z</lastModified>
                                                <componentUuid>5f8cbfa7-ca72-4aa1-a4f5-8cb2afaf45f3</componentUuid>
                                                <incrementalVersion>1.6</incrementalVersion>
                                                <lastInChain>true</lastInChain>
                                                <versionUuid>7c663288-cdcd-4d85-a345-1e249dfade80</versionUuid>
                                            </version>
                                        </machineConfig>
                                        <moderation>false</moderation>
                                        <origination>CREATED_AUTOMATICALLY</origination>
                                        <requiresData>true</requiresData>
                                        <status>ACTIVE</status>
                                        <streamComplexRunThreshold>1</streamComplexRunThreshold>
                                        <streamTimeInterval>Immediately</streamTimeInterval>
                                        <streamTimeIntervalValue>0</streamTimeIntervalValue>
                                        <streamValueType>Tasks</streamValueType>
                                        <title>odf2-example-project-bcb v10.2.9.50 (submission-monitor)</title>
                                        <type>SINGLE</type>
                                        <uuid>d27ae174-8513-4769-a2de-a400d4b6f8ac</uuid>
                                        <validWorkflow>false</validWorkflow>
                                        <version>
                                            <lastModified>2024-06-06T12:50:20.360Z</lastModified>
                                            <componentUuid>269262e4-ce3d-4d94-a2d7-a36078000842</componentUuid>
                                            <incrementalVersion>1.0</incrementalVersion>
                                            <lastInChain>true</lastInChain>
                                            <versionUuid>7c663288-cdcd-4d85-a345-1e249dfade80</versionUuid>
                                        </version>
                                        <workSettingBase>false</workSettingBase>
                                    </campaign>
                                    <deleted>false</deleted>
                                    <lastModifiedAudit>
                                        <lastModified>2021-12-15T09:35:27.103Z</lastModified>
                                    </lastModifiedAudit>
                                    <skipForSTPCalculation>false</skipForSTPCalculation>
                                    <stepIndex>1</stepIndex>
                                    <stepPosition>START</stepPosition>
                                    <streamed>false</streamed>
                                    <uuid>f7ae46b1-4d0e-448c-a75f-c3a414ee4e66</uuid>
                                </campaignMap>
                                <campaignMap>
                                    <activateTracking>false</activateTracking>
                                    <blockSize>1</blockSize>
                                    <businessRule>
                                        <content>#RuleContext.APPROVE_ALL_RULE</content>
                                        <name>Approve All</name>
                                        <ruleType>WORKFLOW_RULE</ruleType>
                                        <ruleTypeUI>Composite</ruleTypeUI>
                                        <uuid>f105361d-0ae2-49eb-8337-081ae1b980b6</uuid>
                                        <workflowRuleMode>SIMPLE</workflowRuleMode>
                                    </businessRule>
                                    <campaign>
                                        <active>true</active>
                                        <businessRules/>
                                        <campaignMaps/>
                                        <campaigns/>
                                        <createNewTrainingSet>false</createNewTrainingSet>
                                        <executingType>MACHINE</executingType>
                                        <goldBucketBlockSize>0</goldBucketBlockSize>
                                        <goldRatio>0</goldRatio>
                                        <goldSource>Empty</goldSource>
                                        <goldType>Percentage</goldType>
                                        <includeOriginalData>false</includeOriginalData>
                                        <machineConfig>
                                            <answers/>
                                            <content>&lt;?xml version="1.0" encoding="UTF-8"?&gt;
&lt;config xmlns="http://web-harvest.sourceforge.net/schema/1.0/config" scriptlang="groovy"&gt;

    
    

    &lt;script&gt;&lt;![CDATA[
        import com.workfusion.odf2.core.Odf
        import com.workfusion.odf2.multiprocess.task.submission.FinalizeSubmissionTask
        import com.workfusion.odf2.transaction.TransactionModule
        // after imports

        // before odf builder
        def odf = Odf.builder()
            .withInput(__taskInputMap.getWrappedObject())
            .withModules(new com.workfusion.odf2.core.webharvest.WebHarvestIntegrationModule(binding))
            .withModules(TransactionModule)
            // after modules
            .build()

        // after odf builder

        result = odf.runTask(FinalizeSubmissionTask)

        // after runTask

        rows = result.getRows()
        columns = result.getColumns()

        // after all
    ]]&gt;&lt;/script&gt;

    &lt;case&gt;
        &lt;if condition="${result.isPresent()}"&gt;
            &lt;export include-original-data="false"&gt;
                &lt;multi-column list="${rows}" split-results="${rows.size() &gt; 1}"&gt;
                    &lt;loop item="columnName"&gt;
                        &lt;list&gt;
                            &lt;script return="columns"/&gt;
                        &lt;/list&gt;
                        &lt;body&gt;
                            &lt;put-to-column-getter name="${columnName}" property="${columnName}"/&gt;
                        &lt;/body&gt;
                    &lt;/loop&gt;
                &lt;/multi-column&gt;
            &lt;/export&gt;
        &lt;/if&gt;
    &lt;/case&gt;
&lt;/config&gt;</content>
                                            <gavc>com.workfusion.odf2.example:odf2-example-project-bcb:10.2.9.50:main:finalize-submission</gavc>
                                            <includedConfigs/>
                                            <inclusionCode>878a692b-8449-4360-8df5-8b5662c4e5e9</inclusionCode>
                                            <machineWorkSetting>
                                                <category>
                                                    <automation>false</automation>
                                                    <description/>
                                                    <enabled>true</enabled>
                                                    <executingType>MACHINE</executingType>
                                                    <name>Other</name>
                                                    <private>false</private>
                                                    <publicId>dd92f240-144b-4fef-8476-4ec0acbc1105</publicId>
                                                </category>
                                                <contentType>BLANK</contentType>
                                                <description/>
                                                <enabled>true</enabled>
                                                <name>Miscellaneous Tasks</name>
                                                <publicId>26e6e095-00bb-43fa-8c34-af0b18e71ac9</publicId>
                                                <version>
                                                    <lastModified>2024-06-06T12:50:20.360Z</lastModified>
                                                    <componentUuid>26e6e095-00bb-43fa-8c34-af0b18e71ac9</componentUuid>
                                                    <incrementalVersion>1.0</incrementalVersion>
                                                    <lastInChain>true</lastInChain>
                                                    <versionUuid>8916be67-fa67-434a-85c5-331543c6db2c</versionUuid>
                                                </version>
                                                <answers/>
                                                <machineWorkSettingType>BASIC</machineWorkSettingType>
                                                <template>
                                                    <content>&lt;?xml version="1.0" encoding="UTF-8"?&gt;
&lt;config xmlns="http://web-harvest.sourceforge.net/schema/1.0/config" scriptlang="groovy"&gt;

    
    

    &lt;script&gt;&lt;![CDATA[
        import com.workfusion.odf2.core.Odf
        import com.workfusion.odf2.multiprocess.task.submission.FinalizeSubmissionTask
        import com.workfusion.odf2.transaction.TransactionModule
        // after imports

        // before odf builder
        def odf = Odf.builder()
            .withInput(__taskInputMap.getWrappedObject())
            .withModules(new com.workfusion.odf2.core.webharvest.WebHarvestIntegrationModule(binding))
            .withModules(TransactionModule)
            // after modules
            .build()

        // after odf builder

        result = odf.runTask(FinalizeSubmissionTask)

        // after runTask

        rows = result.getRows()
        columns = result.getColumns()

        // after all
    ]]&gt;&lt;/script&gt;

    &lt;case&gt;
        &lt;if condition="${result.isPresent()}"&gt;
            &lt;export include-original-data="false"&gt;
                &lt;multi-column list="${rows}" split-results="${rows.size() &gt; 1}"&gt;
                    &lt;loop item="columnName"&gt;
                        &lt;list&gt;
                            &lt;script return="columns"/&gt;
                        &lt;/list&gt;
                        &lt;body&gt;
                            &lt;put-to-column-getter name="${columnName}" property="${columnName}"/&gt;
                        &lt;/body&gt;
                    &lt;/loop&gt;
                &lt;/multi-column&gt;
            &lt;/export&gt;
        &lt;/if&gt;
    &lt;/case&gt;
&lt;/config&gt;</content>
                                                    <name>Blank</name>
                                                    <origination>CREATED_MANUALLY</origination>
                                                    <status>ACTIVE</status>
                                                    <type>BASE_MACHINE</type>
                                                    <uuid>8f04bd99-7f51-4796-a528-d1a7c9ccfbc4</uuid>
                                                    <version>
                                                        <lastModified>2024-06-06T12:50:20.360Z</lastModified>
                                                        <componentUuid>8f04bd99-7f51-4796-a528-d1a7c9ccfbc4</componentUuid>
                                                        <incrementalVersion>1.0</incrementalVersion>
                                                        <lastInChain>false</lastInChain>
                                                        <versionUuid>8916be67-fa67-434a-85c5-331543c6db2c</versionUuid>
                                                    </version>
                                                </template>
                                            </machineWorkSetting>
                                            <machineWorkSettingType>BASIC</machineWorkSettingType>
                                            <name>odf2-example-project-bcb v10.2.9.50 (finalize-submission)</name>
                                            <machineConfigOptions/>
                                            <sourceType>BUNDLE</sourceType>
                                            <template>
                                                <content>&lt;?xml version="1.0" encoding="UTF-8"?&gt;
&lt;config xmlns="http://web-harvest.sourceforge.net/schema/1.0/config" scriptlang="groovy"&gt;

    
    

    &lt;script&gt;&lt;![CDATA[
        import com.workfusion.odf2.core.Odf
        import com.workfusion.odf2.multiprocess.task.submission.FinalizeSubmissionTask
        import com.workfusion.odf2.transaction.TransactionModule
        // after imports

        // before odf builder
        def odf = Odf.builder()
            .withInput(__taskInputMap.getWrappedObject())
            .withModules(new com.workfusion.odf2.core.webharvest.WebHarvestIntegrationModule(binding))
            .withModules(TransactionModule)
            // after modules
            .build()

        // after odf builder

        result = odf.runTask(FinalizeSubmissionTask)

        // after runTask

        rows = result.getRows()
        columns = result.getColumns()

        // after all
    ]]&gt;&lt;/script&gt;

    &lt;case&gt;
        &lt;if condition="${result.isPresent()}"&gt;
            &lt;export include-original-data="false"&gt;
                &lt;multi-column list="${rows}" split-results="${rows.size() &gt; 1}"&gt;
                    &lt;loop item="columnName"&gt;
                        &lt;list&gt;
                            &lt;script return="columns"/&gt;
                        &lt;/list&gt;
                        &lt;body&gt;
                            &lt;put-to-column-getter name="${columnName}" property="${columnName}"/&gt;
                        &lt;/body&gt;
                    &lt;/loop&gt;
                &lt;/multi-column&gt;
            &lt;/export&gt;
        &lt;/if&gt;
    &lt;/case&gt;
&lt;/config&gt;</content>
                                                <name>Blank</name>
                                                <origination>CREATED_MANUALLY</origination>
                                                <status>ACTIVE</status>
                                                <type>BASE_MACHINE</type>
                                                <uuid>8f04bd99-7f51-4796-a528-d1a7c9ccfbc4</uuid>
                                                <version>
                                                    <lastModified>2024-06-06T12:50:20.360Z</lastModified>
                                                    <componentUuid>8f04bd99-7f51-4796-a528-d1a7c9ccfbc4</componentUuid>
                                                    <incrementalVersion>1.0</incrementalVersion>
                                                    <lastInChain>false</lastInChain>
                                                    <versionUuid>8916be67-fa67-434a-85c5-331543c6db2c</versionUuid>
                                                </version>
                                            </template>
                                            <uuid>6da1504b-0dcd-4a3c-9fa0-528f521e54d8</uuid>
                                            <version>
                                                <lastModified>2024-06-06T12:50:20.360Z</lastModified>
                                                <componentUuid>075bcbb0-a72b-40a2-b144-58c6f7985046</componentUuid>
                                                <incrementalVersion>1.4</incrementalVersion>
                                                <lastInChain>true</lastInChain>
                                                <versionUuid>8916be67-fa67-434a-85c5-331543c6db2c</versionUuid>
                                            </version>
                                        </machineConfig>
                                        <moderation>false</moderation>
                                        <origination>CREATED_AUTOMATICALLY</origination>
                                        <requiresData>true</requiresData>
                                        <status>ACTIVE</status>
                                        <streamComplexRunThreshold>1</streamComplexRunThreshold>
                                        <streamTimeInterval>Immediately</streamTimeInterval>
                                        <streamTimeIntervalValue>0</streamTimeIntervalValue>
                                        <streamValueType>Tasks</streamValueType>
                                        <title>odf2-example-project-bcb v10.2.9.50 (finalize-submission)</title>
                                        <type>SINGLE</type>
                                        <uuid>52cbd176-eae0-4223-8e93-2ed026bdefab</uuid>
                                        <validWorkflow>false</validWorkflow>
                                        <version>
                                            <lastModified>2024-06-06T12:50:20.360Z</lastModified>
                                            <componentUuid>9464aacc-032b-45af-9f24-36a7c6b9821f</componentUuid>
                                            <incrementalVersion>1.0</incrementalVersion>
                                            <lastInChain>true</lastInChain>
                                            <versionUuid>8916be67-fa67-434a-85c5-331543c6db2c</versionUuid>
                                        </version>
                                        <workSettingBase>false</workSettingBase>
                                    </campaign>
                                    <deleted>false</deleted>
                                    <lastModifiedAudit>
                                        <lastModified>2021-12-15T09:35:27.103Z</lastModified>
                                    </lastModifiedAudit>
                                    <skipForSTPCalculation>false</skipForSTPCalculation>
                                    <stepIndex>2</stepIndex>
                                    <stepPosition>INTERMEDIATE</stepPosition>
                                    <streamed>false</streamed>
                                    <uuid>5392cbb6-2e9d-4639-8922-7277b1e86570</uuid>
                                </campaignMap>
                                <campaignMap>
                                    <activateTracking>false</activateTracking>
                                    <blockSize>1</blockSize>
                                    <businessRule>
                                        <content>#RuleContext.APPROVE_ALL_RULE</content>
                                        <name>Approve All</name>
                                        <ruleType>WORKFLOW_RULE</ruleType>
                                        <ruleTypeUI>Composite</ruleTypeUI>
                                        <uuid>73f63a1d-9751-4ad1-a5f7-7ab9097f4d2d</uuid>
                                        <workflowRuleMode>SIMPLE</workflowRuleMode>
                                    </businessRule>
                                    <campaign>
                                        <active>true</active>
                                        <businessRules/>
                                        <campaignMaps/>
                                        <campaigns/>
                                        <createNewTrainingSet>false</createNewTrainingSet>
                                        <executingType>MACHINE</executingType>
                                        <goldBucketBlockSize>0</goldBucketBlockSize>
                                        <goldRatio>0</goldRatio>
                                        <goldSource>Empty</goldSource>
                                        <goldType>Percentage</goldType>
                                        <includeOriginalData>false</includeOriginalData>
                                        <machineConfig>
                                            <answers/>
                                            <content>&lt;?xml version="1.0" encoding="UTF-8"?&gt;
&lt;config xmlns="http://web-harvest.sourceforge.net/schema/1.0/config" scriptlang="groovy"&gt;

    
    &lt;robotics-flow-marker fleet="shared" /&gt;

    &lt;script&gt;&lt;![CDATA[
        import com.workfusion.odf2.core.Odf
        import com.workfusion.odf2.example.task.submission.InvoiceSubmissionTask
        import com.workfusion.odf2.service.ControlTowerServicesModule
        import com.workfusion.odf2.example.module.RepositoryModule
        import com.workfusion.odf2.example.module.RpaModule
        import com.workfusion.odf2.transaction.TransactionModule
        // after imports

        // before odf builder
        def odf = Odf.builder()
            .withInput(__taskInputMap.getWrappedObject())
            .withModules(new com.workfusion.odf2.core.webharvest.WebHarvestIntegrationModule(binding))
            .withModules(ControlTowerServicesModule)
.withModules(RepositoryModule)
.withModules(RpaModule)
.withModules(TransactionModule)
            // after modules
            .build()

        // after odf builder

        result = odf.runTask(InvoiceSubmissionTask)

        // after runTask

        rows = result.getRows()
        columns = result.getColumns()

        // after all
    ]]&gt;&lt;/script&gt;

    &lt;case&gt;
        &lt;if condition="${result.isPresent()}"&gt;
            &lt;export include-original-data="false"&gt;
                &lt;multi-column list="${rows}" split-results="${rows.size() &gt; 1}"&gt;
                    &lt;loop item="columnName"&gt;
                        &lt;list&gt;
                            &lt;script return="columns"/&gt;
                        &lt;/list&gt;
                        &lt;body&gt;
                            &lt;put-to-column-getter name="${columnName}" property="${columnName}"/&gt;
                        &lt;/body&gt;
                    &lt;/loop&gt;
                &lt;/multi-column&gt;
            &lt;/export&gt;
        &lt;/if&gt;
    &lt;/case&gt;
&lt;/config&gt;</content>
                                            <gavc>com.workfusion.odf2.example:odf2-example-project-bcb:10.2.9.50:main:invoice-submission</gavc>
                                            <includedConfigs/>
                                            <inclusionCode>e55670d2-5c71-4702-b4b7-c2fdcff2188c</inclusionCode>
                                            <machineWorkSetting>
                                                <category>
                                                    <automation>false</automation>
                                                    <description/>
                                                    <enabled>true</enabled>
                                                    <executingType>MACHINE</executingType>
                                                    <name>Other</name>
                                                    <private>false</private>
                                                    <publicId>dd92f240-144b-4fef-8476-4ec0acbc1105</publicId>
                                                </category>
                                                <contentType>BLANK</contentType>
                                                <description/>
                                                <enabled>true</enabled>
                                                <name>Miscellaneous Tasks</name>
                                                <publicId>26e6e095-00bb-43fa-8c34-af0b18e71ac9</publicId>
                                                <version>
                                                    <lastModified>2024-06-06T12:50:20.360Z</lastModified>
                                                    <componentUuid>26e6e095-00bb-43fa-8c34-af0b18e71ac9</componentUuid>
                                                    <incrementalVersion>1.0</incrementalVersion>
                                                    <lastInChain>true</lastInChain>
                                                    <versionUuid>4eac76d2-23c8-4e62-90a9-d8459150a7e5</versionUuid>
                                                </version>
                                                <answers/>
                                                <machineWorkSettingType>BASIC</machineWorkSettingType>
                                                <template>
                                                    <content>&lt;?xml version="1.0" encoding="UTF-8"?&gt;
&lt;config xmlns="http://web-harvest.sourceforge.net/schema/1.0/config" scriptlang="groovy"&gt;

    
    &lt;robotics-flow-marker fleet="shared" /&gt;

    &lt;script&gt;&lt;![CDATA[
        import com.workfusion.odf2.core.Odf
        import com.workfusion.odf2.example.task.submission.InvoiceSubmissionTask
        import com.workfusion.odf2.service.ControlTowerServicesModule
        import com.workfusion.odf2.example.module.RepositoryModule
        import com.workfusion.odf2.example.module.RpaModule
        import com.workfusion.odf2.transaction.TransactionModule
        // after imports

        // before odf builder
        def odf = Odf.builder()
            .withInput(__taskInputMap.getWrappedObject())
            .withModules(new com.workfusion.odf2.core.webharvest.WebHarvestIntegrationModule(binding))
            .withModules(ControlTowerServicesModule)
.withModules(RepositoryModule)
.withModules(RpaModule)
.withModules(TransactionModule)
            // after modules
            .build()

        // after odf builder

        result = odf.runTask(InvoiceSubmissionTask)

        // after runTask

        rows = result.getRows()
        columns = result.getColumns()

        // after all
    ]]&gt;&lt;/script&gt;

    &lt;case&gt;
        &lt;if condition="${result.isPresent()}"&gt;
            &lt;export include-original-data="false"&gt;
                &lt;multi-column list="${rows}" split-results="${rows.size() &gt; 1}"&gt;
                    &lt;loop item="columnName"&gt;
                        &lt;list&gt;
                            &lt;script return="columns"/&gt;
                        &lt;/list&gt;
                        &lt;body&gt;
                            &lt;put-to-column-getter name="${columnName}" property="${columnName}"/&gt;
                        &lt;/body&gt;
                    &lt;/loop&gt;
                &lt;/multi-column&gt;
            &lt;/export&gt;
        &lt;/if&gt;
    &lt;/case&gt;
&lt;/config&gt;</content>
                                                    <name>Blank</name>
                                                    <origination>CREATED_MANUALLY</origination>
                                                    <status>ACTIVE</status>
                                                    <type>BASE_MACHINE</type>
                                                    <uuid>8f04bd99-7f51-4796-a528-d1a7c9ccfbc4</uuid>
                                                    <version>
                                                        <lastModified>2024-06-06T12:50:20.360Z</lastModified>
                                                        <componentUuid>8f04bd99-7f51-4796-a528-d1a7c9ccfbc4</componentUuid>
                                                        <incrementalVersion>1.0</incrementalVersion>
                                                        <lastInChain>false</lastInChain>
                                                        <versionUuid>4eac76d2-23c8-4e62-90a9-d8459150a7e5</versionUuid>
                                                    </version>
                                                </template>
                                            </machineWorkSetting>
                                            <machineWorkSettingType>BASIC</machineWorkSettingType>
                                            <name>odf2-example-project-bcb v10.2.9.50 (invoice-submission)</name>
                                            <machineConfigOptions/>
                                            <sourceType>BUNDLE</sourceType>
                                            <template>
                                                <content>&lt;?xml version="1.0" encoding="UTF-8"?&gt;
&lt;config xmlns="http://web-harvest.sourceforge.net/schema/1.0/config" scriptlang="groovy"&gt;

    
    &lt;robotics-flow-marker fleet="shared" /&gt;

    &lt;script&gt;&lt;![CDATA[
        import com.workfusion.odf2.core.Odf
        import com.workfusion.odf2.example.task.submission.InvoiceSubmissionTask
        import com.workfusion.odf2.service.ControlTowerServicesModule
        import com.workfusion.odf2.example.module.RepositoryModule
        import com.workfusion.odf2.example.module.RpaModule
        import com.workfusion.odf2.transaction.TransactionModule
        // after imports

        // before odf builder
        def odf = Odf.builder()
            .withInput(__taskInputMap.getWrappedObject())
            .withModules(new com.workfusion.odf2.core.webharvest.WebHarvestIntegrationModule(binding))
            .withModules(ControlTowerServicesModule)
.withModules(RepositoryModule)
.withModules(RpaModule)
.withModules(TransactionModule)
            // after modules
            .build()

        // after odf builder

        result = odf.runTask(InvoiceSubmissionTask)

        // after runTask

        rows = result.getRows()
        columns = result.getColumns()

        // after all
    ]]&gt;&lt;/script&gt;

    &lt;case&gt;
        &lt;if condition="${result.isPresent()}"&gt;
            &lt;export include-original-data="false"&gt;
                &lt;multi-column list="${rows}" split-results="${rows.size() &gt; 1}"&gt;
                    &lt;loop item="columnName"&gt;
                        &lt;list&gt;
                            &lt;script return="columns"/&gt;
                        &lt;/list&gt;
                        &lt;body&gt;
                            &lt;put-to-column-getter name="${columnName}" property="${columnName}"/&gt;
                        &lt;/body&gt;
                    &lt;/loop&gt;
                &lt;/multi-column&gt;
            &lt;/export&gt;
        &lt;/if&gt;
    &lt;/case&gt;
&lt;/config&gt;</content>
                                                <name>Blank</name>
                                                <origination>CREATED_MANUALLY</origination>
                                                <status>ACTIVE</status>
                                                <type>BASE_MACHINE</type>
                                                <uuid>8f04bd99-7f51-4796-a528-d1a7c9ccfbc4</uuid>
                                                <version>
                                                    <lastModified>2024-06-06T12:50:20.360Z</lastModified>
                                                    <componentUuid>8f04bd99-7f51-4796-a528-d1a7c9ccfbc4</componentUuid>
                                                    <incrementalVersion>1.0</incrementalVersion>
                                                    <lastInChain>false</lastInChain>
                                                    <versionUuid>4eac76d2-23c8-4e62-90a9-d8459150a7e5</versionUuid>
                                                </version>
                                            </template>
                                            <uuid>02813479-177b-4c8f-8115-778bca7eebfc</uuid>
                                            <version>
                                                <lastModified>2024-06-06T12:50:20.360Z</lastModified>
                                                <componentUuid>6bd27711-797e-4125-bd03-ddfe92681e73</componentUuid>
                                                <incrementalVersion>1.5</incrementalVersion>
                                                <lastInChain>true</lastInChain>
                                                <versionUuid>4eac76d2-23c8-4e62-90a9-d8459150a7e5</versionUuid>
                                            </version>
                                        </machineConfig>
                                        <moderation>false</moderation>
                                        <origination>CREATED_AUTOMATICALLY</origination>
                                        <requiresData>true</requiresData>
                                        <status>ACTIVE</status>
                                        <streamComplexRunThreshold>1</streamComplexRunThreshold>
                                        <streamTimeInterval>Immediately</streamTimeInterval>
                                        <streamTimeIntervalValue>0</streamTimeIntervalValue>
                                        <streamValueType>Tasks</streamValueType>
                                        <title>odf2-example-project-bcb v10.2.9.50 (invoice-submission)</title>
                                        <type>SINGLE</type>
                                        <uuid>8b88f1ae-a764-4f9c-af8a-31c6739d4dd6</uuid>
                                        <validWorkflow>false</validWorkflow>
                                        <version>
                                            <lastModified>2024-06-06T12:50:20.360Z</lastModified>
                                            <componentUuid>6ee99b8c-dd67-4ba0-acd5-c540609dba9d</componentUuid>
                                            <incrementalVersion>1.0</incrementalVersion>
                                            <lastInChain>true</lastInChain>
                                            <versionUuid>4eac76d2-23c8-4e62-90a9-d8459150a7e5</versionUuid>
                                        </version>
                                        <workSettingBase>false</workSettingBase>
                                    </campaign>
                                    <deleted>false</deleted>
                                    <lastModifiedAudit>
                                        <lastModified>2021-12-15T09:35:27.103Z</lastModified>
                                    </lastModifiedAudit>
                                    <skipForSTPCalculation>false</skipForSTPCalculation>
                                    <stepIndex>3</stepIndex>
                                    <stepPosition>INTERMEDIATE</stepPosition>
                                    <streamed>false</streamed>
                                    <uuid>0c6fdd25-050e-4404-97cb-4a48c2b36682</uuid>
                                </campaignMap>
                                <campaignMap>
                                    <activateTracking>false</activateTracking>
                                    <businessRule>
                                        <content>package com.freedomoss.requester;

#list any import classes here.
import com.freedomoss.objective.model.CompositeRuleContext;
import com.freedomoss.objective.model.CompositeRuleDataItemContext;
import com.freedomoss.requester.model.AwsHitQuestionItem;
import com.freedomoss.requester.model.AwsHitQuestionAnswerItem;
import org.slf4j.Logger;
import java.util.Map;
import java.util.Iterator;
import java.util.List;
import java.util.Set;
import java.util.ArrayList;
import com.freedomoss.requester.dto.SubmissionResultDTO;

#declare any global variables here
global CompositeRuleContext source
global Logger log
global Map params



rule "Rule context initialization"
auto-focus true
no-loop
dialect "mvel"
agenda-group "initialization-group"
	when
		$ctx:CompositeRuleContext(initialized == false);
	then
		$ctx.updateWorkingMemory();
		# move to business rules
		$ctx.logExecutedRule(kcontext.getRule().getName());
		kcontext.getKnowledgeRuntime().getAgenda().getAgendaGroup("calculation").setFocus();
end</content>
                                        <name>Business Process: End Rule</name>
                                        <ruleType>WORKFLOW_RULE</ruleType>
                                        <uuid>45a0bd65-9429-41f6-ac92-3d5bc6e09824</uuid>
                                        <workflowRuleMode>ADVANCED</workflowRuleMode>
                                    </businessRule>
                                    <campaign>
                                        <active>false</active>
                                        <businessRules/>
                                        <campaignMaps/>
                                        <campaigns/>
                                        <createNewTrainingSet>false</createNewTrainingSet>
                                        <executingType>MACHINE</executingType>
                                        <goldBucketBlockSize>0</goldBucketBlockSize>
                                        <goldRatio>0</goldRatio>
                                        <goldSource>Empty</goldSource>
                                        <goldType>Percentage</goldType>
                                        <includeOriginalData>false</includeOriginalData>
                                        <machineConfig>
                                            <answers/>
                                            <content>&lt;?xml version="1.0" encoding="UTF-8"?&gt;
&lt;config charset="UTF-8"&gt;

    &lt;var-def name="exportType"&gt;
        &lt;case&gt;
            &lt;if condition='${sys.isVariableDefined("_sys_export_type")}'&gt;
                &lt;template&gt;${_sys_export_type}&lt;/template&gt;
            &lt;/if&gt;
        &lt;/case&gt;
    &lt;/var-def&gt;

    &lt;var-def name="exportColumns"&gt;
        &lt;case&gt;
            &lt;if condition='${sys.isVariableDefined("_sys_export_columns")}'&gt;
                &lt;template&gt;${_sys_export_columns}&lt;/template&gt;
            &lt;/if&gt;
            &lt;else&gt;&lt;/else&gt;
        &lt;/case&gt;
    &lt;/var-def&gt;

    &lt;var-def name="columnNameCase"&gt;
        &lt;case&gt;
            &lt;if condition='${sys.isVariableDefined("_sys_column_name_case")}'&gt;
                &lt;template&gt;${_sys_column_name_case}&lt;/template&gt;
            &lt;/if&gt;
            &lt;else&gt;keep&lt;/else&gt;
        &lt;/case&gt;
    &lt;/var-def&gt;

    &lt;var-def name="dataOnly"&gt;
        &lt;case&gt;
            &lt;if condition='${sys.isVariableDefined("_sys_data_only")}'&gt;
                &lt;template&gt;${_sys_data_only}&lt;/template&gt;
            &lt;/if&gt;
            &lt;else&gt;true&lt;/else&gt;
        &lt;/case&gt;
    &lt;/var-def&gt;

    &lt;var-def name="datastoreName"&gt;
        &lt;script return="item.getWrappedObject().getRun().getDatastoreName()" /&gt;
    &lt;/var-def&gt;
    &lt;case&gt;
        &lt;if condition="${!datastoreName.isEmpty()}"&gt;
            &lt;insert-datastore   datastore-name="${datastoreName}" create="true"&gt;
                &lt;script return="hit_submission_data_item.getWrappedObject().getItemValueMap()"/&gt;
            &lt;/insert-datastore&gt;
        &lt;/if&gt;
    &lt;/case&gt;

    &lt;export include-original-data="true"
            export-type="${exportType}"
            export-columns="${exportColumns}"
            column-name-case="${columnNameCase}"
            &gt;
    &lt;/export&gt;
&lt;/config&gt;</content>
                                            <description>Default machine campaign for end step.</description>
                                            <includedConfigs/>
                                            <inclusionCode>181dc245-4ed8-4d05-942a-d092c587a84b</inclusionCode>
                                            <machineWorkSetting>
                                                <category>
                                                    <automation>false</automation>
                                                    <description/>
                                                    <enabled>true</enabled>
                                                    <executingType>MACHINE</executingType>
                                                    <name>Other</name>
                                                    <private>false</private>
                                                    <publicId>dd92f240-144b-4fef-8476-4ec0acbc1105</publicId>
                                                </category>
                                                <contentType>BLANK</contentType>
                                                <description/>
                                                <enabled>true</enabled>
                                                <name>Miscellaneous Tasks</name>
                                                <publicId>26e6e095-00bb-43fa-8c34-af0b18e71ac9</publicId>
                                                <version>
                                                    <lastModified>2024-06-06T12:50:20.360Z</lastModified>
                                                    <componentUuid>26e6e095-00bb-43fa-8c34-af0b18e71ac9</componentUuid>
                                                    <incrementalVersion>1.0</incrementalVersion>
                                                    <lastInChain>true</lastInChain>
                                                    <versionUuid>735838e3-6f17-4536-a707-4bb173a9fba9</versionUuid>
                                                </version>
                                                <answers/>
                                                <machineWorkSettingType>BASIC</machineWorkSettingType>
                                                <template>
                                                    <content>&lt;?xml version="1.0" encoding="UTF-8"?&gt;
&lt;config charset="UTF-8"&gt;
	&lt;export include-original-data="true"&gt;
	&lt;/export&gt;
&lt;/config&gt;</content>
                                                    <name>Blank</name>
                                                    <origination>CREATED_MANUALLY</origination>
                                                    <status>ACTIVE</status>
                                                    <type>BASE_MACHINE</type>
                                                    <uuid>8f04bd99-7f51-4796-a528-d1a7c9ccfbc4</uuid>
                                                    <version>
                                                        <lastModified>2024-06-06T12:50:20.360Z</lastModified>
                                                        <componentUuid>8f04bd99-7f51-4796-a528-d1a7c9ccfbc4</componentUuid>
                                                        <incrementalVersion>1.0</incrementalVersion>
                                                        <lastInChain>false</lastInChain>
                                                        <versionUuid>b78b75b3-2f6f-49c2-afba-61e65418be2d</versionUuid>
                                                    </version>
                                                </template>
                                            </machineWorkSetting>
                                            <name>Final Results</name>
                                            <machineConfigOptions/>
                                            <sourceType>MANUAL</sourceType>
                                            <template>
                                                <content>&lt;?xml version="1.0" encoding="UTF-8"?&gt;
&lt;config charset="UTF-8"&gt;
	&lt;export include-original-data="true"&gt;
	&lt;/export&gt;
&lt;/config&gt;</content>
                                                <name>Blank</name>
                                                <origination>CREATED_MANUALLY</origination>
                                                <status>ACTIVE</status>
                                                <type>BASE_MACHINE</type>
                                                <uuid>8f04bd99-7f51-4796-a528-d1a7c9ccfbc4</uuid>
                                                <version>
                                                    <lastModified>2024-06-06T12:50:20.360Z</lastModified>
                                                    <componentUuid>8f04bd99-7f51-4796-a528-d1a7c9ccfbc4</componentUuid>
                                                    <incrementalVersion>1.0</incrementalVersion>
                                                    <lastInChain>false</lastInChain>
                                                    <versionUuid>713faf94-4efa-44f4-801e-e243b9e359f7</versionUuid>
                                                </version>
                                            </template>
                                            <uuid>5b45bb43-e621-4f41-979b-1aef34c0e8b5</uuid>
                                            <version>
                                                <lastModified>2024-06-06T12:50:20.360Z</lastModified>
                                                <componentUuid>9e5000e3-c243-42d3-b5ad-c6ac90dec35e</componentUuid>
                                                <incrementalVersion>1.0</incrementalVersion>
                                                <lastInChain>true</lastInChain>
                                                <versionUuid>935963fb-e0cb-427f-88ac-5a79596daf42</versionUuid>
                                            </version>
                                        </machineConfig>
                                        <moderation>false</moderation>
                                        <origination>CREATED_AUTOMATICALLY</origination>
                                        <requiresData>true</requiresData>
                                        <status>ACTIVE</status>
                                        <streamComplexRunThreshold>100</streamComplexRunThreshold>
                                        <streamTimeInterval>Immediately</streamTimeInterval>
                                        <streamTimeIntervalValue>0</streamTimeIntervalValue>
                                        <streamValueType>Percents</streamValueType>
                                        <title>Final Results</title>
                                        <type>SINGLE</type>
                                        <uuid>0043a6fb-9728-46d9-b6ad-13a2cddad68b</uuid>
                                        <validWorkflow>false</validWorkflow>
                                        <version>
                                            <lastModified>2024-06-06T12:50:20.360Z</lastModified>
                                            <componentUuid>9f6a0dc2-8693-11e7-be4e-06d2c080f20b</componentUuid>
                                            <incrementalVersion>1.0</incrementalVersion>
                                            <lastInChain>false</lastInChain>
                                            <versionUuid>4b7306ca-6de1-451d-abc5-bdf869a1b81c</versionUuid>
                                        </version>
                                        <workSettingBase>false</workSettingBase>
                                    </campaign>
                                    <deleted>false</deleted>
                                    <lastModifiedAudit>
                                        <lastModified>2021-12-15T09:35:27.103Z</lastModified>
                                    </lastModifiedAudit>
                                    <skipForSTPCalculation>false</skipForSTPCalculation>
                                    <stepIndex>4</stepIndex>
                                    <stepPosition>END</stepPosition>
                                    <streamed>false</streamed>
                                    <uuid>e6834f7d-cf3c-4264-9fad-948fa89c9676</uuid>
                                </campaignMap>
                            </campaignMaps>
                            <campaigns/>
                            <compositeCampaignVersion>NEW_WORKFLOW</compositeCampaignVersion>
                            <compositeStructureXml>&lt;?xml version="1.0" encoding="UTF-8" standalone="no"?&gt;&lt;mxGraphModel&gt;&lt;root&gt;&lt;mxCell id="0"/&gt;&lt;mxCell id="1" parent="0"/&gt;&lt;Start id="2" name="Start" type="start"&gt;&lt;mxCell parent="1" style="start" vertex="1"&gt;&lt;mxGeometry as="geometry" height="32.0" width="32.0" x="210.0" y="160.0"/&gt;&lt;/mxCell&gt;&lt;/Start&gt;&lt;MachineTask campaignMapUUID="f7ae46b1-4d0e-448c-a75f-c3a414ee4e66" id="3" name="odf2-example-project-bcb v10.2.9.50 (submission-monitor)" taskUUID="d27ae174-8513-4769-a2de-a400d4b6f8ac" type="machine_task"&gt;&lt;mxCell parent="1" style="machine_task" vertex="1"&gt;&lt;mxGeometry as="geometry" height="60.0" width="160.0" x="300.0" y="146.0"/&gt;&lt;/mxCell&gt;&lt;/MachineTask&gt;&lt;Link id="4" name="" type="link"&gt;&lt;mxCell edge="1" parent="1" source="2" style="link" target="3"&gt;&lt;mxGeometry as="geometry" relative="1" x="0.5" y="10.0"/&gt;&lt;/mxCell&gt;&lt;/Link&gt;&lt;Rule id="5" name="monitor loop" ruleUUID="62fed0a1-6b3a-4021-84a8-7e4ad03277de" type="rule"&gt;&lt;mxCell parent="1" style="rule" vertex="1"&gt;&lt;mxGeometry as="geometry" height="32.0" width="32.0" x="500.0" y="160.0"/&gt;&lt;/mxCell&gt;&lt;/Rule&gt;&lt;Link conditional="false" id="6" label="processing" name="" outcomeId="processing" ruleUUID="62fed0a1-6b3a-4021-84a8-7e4ad03277de" type="link"&gt;&lt;mxCell edge="1" parent="1" source="5" style="link" target="9"&gt;&lt;mxGeometry as="geometry"&gt;&lt;mxPoint as="targetPoint" x="755.0" y="196.0"/&gt;&lt;Array as="points"/&gt;&lt;/mxGeometry&gt;&lt;/mxCell&gt;&lt;/Link&gt;&lt;Link conditional="false" id="7" label="loop" name="" outcomeId="loop" ruleUUID="62fed0a1-6b3a-4021-84a8-7e4ad03277de" type="link"&gt;&lt;mxCell edge="1" parent="1" source="5" style="link" target="3"&gt;&lt;mxGeometry as="geometry"&gt;&lt;mxPoint as="targetPoint" x="610.0" y="50.0"/&gt;&lt;Array as="points"&gt;&lt;mxPoint x="516.0" y="100.0"/&gt;&lt;mxPoint x="380.0" y="100.0"/&gt;&lt;/Array&gt;&lt;mxPoint as="offset" x="2.0" y="-73.0"/&gt;&lt;/mxGeometry&gt;&lt;/mxCell&gt;&lt;/Link&gt;&lt;Link id="8" name="" type="link"&gt;&lt;mxCell edge="1" parent="1" source="3" style="link" target="5"&gt;&lt;mxGeometry as="geometry" relative="1" x="0.5" y="10.0"/&gt;&lt;/mxCell&gt;&lt;/Link&gt;&lt;MachineTask campaignMapUUID="0c6fdd25-050e-4404-97cb-4a48c2b36682" id="9" name="odf2-example-project-bcb v10.2.9.50 (invoice-submission)" taskUUID="8b88f1ae-a764-4f9c-af8a-31c6739d4dd6" type="machine_task"&gt;&lt;mxCell parent="1" style="machine_task" vertex="1"&gt;&lt;mxGeometry as="geometry" height="60.0" width="160.0" x="650.0" y="146.0"/&gt;&lt;/mxCell&gt;&lt;/MachineTask&gt;&lt;MachineTask campaignMapUUID="5392cbb6-2e9d-4639-8922-7277b1e86570" id="10" name="odf2-example-project-bcb v10.2.9.50 (finalize-submission)" taskUUID="52cbd176-eae0-4223-8e93-2ed026bdefab" type="machine_task"&gt;&lt;mxCell parent="1" style="machine_task" vertex="1"&gt;&lt;mxGeometry as="geometry" height="60.0" width="160.0" x="870.0" y="146.0"/&gt;&lt;/mxCell&gt;&lt;/MachineTask&gt;&lt;Link id="11" name="" outcome="ApproveAll" outcomeId="ApproveAll" ruleUUID="73f63a1d-9751-4ad1-a5f7-7ab9097f4d2d" type="link"&gt;&lt;mxCell edge="1" parent="1" source="9" style="link" target="10"&gt;&lt;mxGeometry as="geometry" relative="1" x="0.5" y="10.0"/&gt;&lt;/mxCell&gt;&lt;/Link&gt;&lt;End campaignMapUUID="e6834f7d-cf3c-4264-9fad-948fa89c9676" id="12" name="Final Results" type="end"&gt;&lt;mxCell parent="1" style="end" vertex="1"&gt;&lt;mxGeometry as="geometry" height="32.0" width="32.0" x="1080.0" y="160.0"/&gt;&lt;/mxCell&gt;&lt;/End&gt;&lt;Link id="13" name="" outcome="ApproveAll" outcomeId="ApproveAll" ruleUUID="f105361d-0ae2-49eb-8337-081ae1b980b6" type="link"&gt;&lt;mxCell edge="1" parent="1" source="10" style="link" target="12"&gt;&lt;mxGeometry as="geometry" relative="1" x="0.5" y="10.0"/&gt;&lt;/mxCell&gt;&lt;/Link&gt;&lt;/root&gt;&lt;/mxGraphModel&gt;</compositeStructureXml>
                            <createNewTrainingSet>false</createNewTrainingSet>
                            <description>Business Process description</description>
                            <executingType>COMPOSITE</executingType>
                            <goldBucketBlockSize>0</goldBucketBlockSize>
                            <goldRatio>0</goldRatio>
                            <goldSource>Empty</goldSource>
                            <goldType>Percentage</goldType>
                            <includeOriginalData>false</includeOriginalData>
                            <moderation>false</moderation>
                            <origination>CREATED_AUTOMATICALLY</origination>
                            <requiresData>false</requiresData>
                            <status>ACTIVE</status>
                            <streamComplexRunThreshold>1</streamComplexRunThreshold>
                            <streamTimeInterval>Immediately</streamTimeInterval>
                            <streamTimeIntervalValue>0</streamTimeIntervalValue>
                            <streamValueType>Tasks</streamValueType>
                            <title>[odf2-example-project v10.2.9.50] Data Submission</title>
                            <type>COMPOSITE</type>
                            <uuid>574c03ec-b65b-4674-8f26-e13bc530fd75</uuid>
                            <validWorkflow>true</validWorkflow>
                            <version>
                                <lastModified>2021-12-15T09:35:27.103Z</lastModified>
                                <componentUuid>d1711864-1357-47d2-8181-7acd01aa2cdb</componentUuid>
                                <incrementalVersion>1.6</incrementalVersion>
                                <lastInChain>true</lastInChain>
                                <versionUuid>81c0910a-5614-4138-a192-ee590ce28a9d</versionUuid>
                            </version>
                            <workSettingBase>false</workSettingBase>
                        </campaign>
                        <description>
                            <automationType>NONE</automationType>
                            <dynamicTaskRenderingDisabled>false</dynamicTaskRenderingDisabled>
                            <goldRun>false</goldRun>
                            <qualificationTraining>false</qualificationTraining>
                            <snapshotType>CSV</snapshotType>
                            <stepDescription>{}</stepDescription>
                            <streamingValue>1</streamingValue>
                            <streamingValueType>Tasks</streamingValueType>
                            <taskParams>{"values":{"NAME":"odf2-example-project-bcb v10.2.9.50 (submission-monitor)"}}</taskParams>
                            <uploadResultsType>CREATE</uploadResultsType>
                        </description>
                        <executingType>MACHINE</executingType>
                        <forceComplete>false</forceComplete>
                        <forceCompleteIdleTime>0</forceCompleteIdleTime>
                        <forceCompletePercent>100</forceCompletePercent>
                        <lastModified>2021-12-15T09:38:31.177Z</lastModified>
                        <mixStrategy>
                            <additionalRows>0</additionalRows>
                            <blockSize>1</blockSize>
                            <goldItemSize>0</goldItemSize>
                            <goldPercentage>0</goldPercentage>
                            <goldRatio>true</goldRatio>
                            <mainRows>1</mainRows>
                            <repeated>false</repeated>
                        </mixStrategy>
                        <purged>false</purged>
                        <recordProcessingStatus>COMPLETED</recordProcessingStatus>
                        <recursiveCount>1</recursiveCount>
                        <rootRunUUID>16088599-e7c2-4c65-8bd8-ab12342e7ad8</rootRunUUID>
                        <runType>SIMPLE</runType>
                        <tags/>
                        <title>odf2-example-project-bcb v10.2.9.50 (submission-monitor)</title>
                        <uuid>0c9c85ac-d04e-4354-ada4-be70f04e1638</uuid>
                    </run>
                </runs>
                <automationUseCases/>
                <automationInfo/>
            </project>
            <hashCode>0621560882</hashCode>
        </objectContainer>
    </objects>
</objectListWrapper>