<?xml version="1.0" encoding="US-ASCII" standalone="yes"?><objectListWrapper>
    <objects>
        <objectContainer>
            <project>
                <name>[odf2-example-project v10.2.8.41] Data Intake</name>
                <description/>
                <author>workfusion</author>
                <runs>
                    <run>
                        <blockSize>1</blockSize>
                        <campaign>
                            <active>true</active>
                            <businessRules/>
                            <campaignMaps>
                                <campaignMap>
                                    <activateTracking>false</activateTracking>
                                    <blockSize>1</blockSize>
                                    <businessRule>
                                        <content># Rule.Definition={"moderationRule":false,"approveAllRule":false,"splitData":true,"splitRule":false,"splitRuleSuffix":"","joinRule":false,"joinRuleSuffix":"","streamingRule":false,"streamingRuleSuffix":"","namedRule":false,"namedRuleName":""}
package com.freedomoss.requester;

# list any import classes here.
import java.util.Map;
import java.util.ArrayList;
import com.freedomoss.objective.model.CompositeRuleContext;
import com.freedomoss.objective.model.CompositeRuleDataItemContext;
import org.slf4j.Logger;


# declare any global variables here
global CompositeRuleContext source
global Logger log
global Map params

# RuleContext.SPLIT_DATA

rule "Rule context initialization"
auto-focus true
no-loop
agenda-group "initialization-group"
    when
        $ctx:CompositeRuleContext(initialized == false);
    then
        # insert processed facts into memory
        $ctx.updateWorkingMemory();
        # move to business rules
        kcontext.getKnowledgeRuntime().getAgenda().getAgendaGroup("calculation").setFocus();
end

# RuleOutcome.Definition={"outcomeId":"loop","conditional":true,"reworkBySameWorker":false,"assignToSameWorker":false,"anableLogging":false,"sendRejectNotification":false,"assignToAnyWorker":false,"approveRelatedAssignments":false,"rejectRelatedAssignments":false,"renameAutomationAnswerItem":false,"conditions":[{"fieldName":"_sys_repeat","value":"true","operator":"EQ"}],"customConditions":[]}
rule "1. Send records to 'loop' when _sys_repeat EQ 'true'"
agenda-group "calculation"
dialect "mvel"
salience 100
    when
        $ctx:CompositeRuleContext(initialized == true);
        $item:CompositeRuleDataItemContext();
        eval($item.checkValue("_sys_repeat", "EQ", "true"));

    then
        $ctx.sendResultTo("loop", $item);
end

# RuleOutcome.Definition={"outcomeId":"processing","conditional":true,"reworkBySameWorker":false,"assignToSameWorker":false,"anableLogging":false,"sendRejectNotification":false,"assignToAnyWorker":false,"approveRelatedAssignments":false,"rejectRelatedAssignments":false,"renameAutomationAnswerItem":false,"conditions":[{"fieldName":"_sys_repeat","value":"true","operator":"NE"}],"customConditions":[]}
rule "2. Send records to 'processing' when _sys_repeat NE 'true'"
agenda-group "calculation"
dialect "mvel"
salience 100
    when
        $ctx:CompositeRuleContext(initialized == true);
        $item:CompositeRuleDataItemContext();
        eval($item.checkValue("_sys_repeat", "NE", "true"));

    then
        $ctx.sendResultTo("processing", $item);
end



rule "Send unprocessed result to unconditional outcome(s)"
agenda-group "calculation"
dialect "mvel"
salience 80
    when
        $ctx:CompositeRuleContext(initialized == true);
        $item:CompositeRuleDataItemContext();
    then
        $ctx.sendResultToUnconditionalOutcomes($item, true);
end</content>
                                        <name>monitor loop</name>
                                        <ruleType>WORKFLOW_RULE</ruleType>
                                        <ruleTypeUI>Composite</ruleTypeUI>
                                        <uuid>aeb34220-8930-4afa-a6a7-576a388cf494</uuid>
                                        <workflowRuleMode>SIMPLE</workflowRuleMode>
                                    </businessRule>
                                    <campaign>
                                        <active>true</active>
                                        <businessRules/>
                                        <campaignMaps/>
                                        <campaigns/>
                                        <createNewTrainingSet>false</createNewTrainingSet>
                                        <executingType>MACHINE</executingType>
                                        <goldBucketBlockSize>0</goldBucketBlockSize>
                                        <goldRatio>0</goldRatio>
                                        <goldSource>Empty</goldSource>
                                        <goldType>Percentage</goldType>
                                        <includeOriginalData>false</includeOriginalData>
                                        <machineConfig>
                                            <answers/>
                                            <content>&lt;?xml version="1.0" encoding="UTF-8"?&gt;
&lt;config xmlns="http://web-harvest.sourceforge.net/schema/1.0/config" scriptlang="groovy"&gt;

    
    

    &lt;script&gt;&lt;![CDATA[
        import com.workfusion.odf2.core.Odf
        import com.workfusion.odf2.example.task.intake.EmailMonitorTask
        import com.workfusion.odf2.example.module.ServicesModule
        import com.workfusion.odf2.example.module.RepositoryModule
        import com.workfusion.odf2.transaction.task.monitor.MonitorModule
        import com.workfusion.odf2.transaction.TransactionModule
        // after imports

        // before odf builder
        def odf = Odf.builder()
            .withInput(__taskInputMap.getWrappedObject())
            .withModules(new com.workfusion.odf2.core.webharvest.WebHarvestIntegrationModule(binding))
            .withModules(ServicesModule)
.withModules(RepositoryModule)
.withModules(MonitorModule)
.withModules(TransactionModule)
            // after modules
            .build()

        // after odf builder

        result = odf.runTask(EmailMonitorTask)

        // after runTask

        rows = result.getRows()
        columns = result.getColumns()

        // after all
    ]]&gt;&lt;/script&gt;

    &lt;case&gt;
        &lt;if condition="${result.isPresent()}"&gt;
            &lt;export include-original-data="false"&gt;
                &lt;multi-column list="${rows}" split-results="${rows.size() &gt; 1}"&gt;
                    &lt;loop item="columnName"&gt;
                        &lt;list&gt;
                            &lt;script return="columns"/&gt;
                        &lt;/list&gt;
                        &lt;body&gt;
                            &lt;put-to-column-getter name="${columnName}" property="${columnName}"/&gt;
                        &lt;/body&gt;
                    &lt;/loop&gt;
                &lt;/multi-column&gt;
            &lt;/export&gt;
        &lt;/if&gt;
    &lt;/case&gt;
&lt;/config&gt;</content>
                                            <gavc>com.workfusion.odf2.example:odf2-example-project-bcb:10.2.8.41:main:email-monitor</gavc>
                                            <includedConfigs/>
                                            <inclusionCode>e09cd107-39b9-4372-947d-e4fb51c76932</inclusionCode>
                                            <machineWorkSetting>
                                                <category>
                                                    <automation>false</automation>
                                                    <description/>
                                                    <enabled>true</enabled>
                                                    <executingType>MACHINE</executingType>
                                                    <name>Other</name>
                                                    <private>false</private>
                                                    <publicId>dd92f240-144b-4fef-8476-4ec0acbc1105</publicId>
                                                </category>
                                                <contentType>BLANK</contentType>
                                                <description/>
                                                <enabled>true</enabled>
                                                <name>Miscellaneous Tasks</name>
                                                <publicId>26e6e095-00bb-43fa-8c34-af0b18e71ac9</publicId>
                                                <version>
                                                    <lastModified>2023-11-21T08:09:26.119Z</lastModified>
                                                    <componentUuid>26e6e095-00bb-43fa-8c34-af0b18e71ac9</componentUuid>
                                                    <incrementalVersion>1.0</incrementalVersion>
                                                    <lastInChain>true</lastInChain>
                                                    <versionUuid>92ea9c57-809b-4d81-bb32-8ba8015f7a61</versionUuid>
                                                </version>
                                                <answers/>
                                                <machineWorkSettingType>BASIC</machineWorkSettingType>
                                                <template>
                                                    <content>&lt;?xml version="1.0" encoding="UTF-8"?&gt;
&lt;config xmlns="http://web-harvest.sourceforge.net/schema/1.0/config" scriptlang="groovy"&gt;

    
    

    &lt;script&gt;&lt;![CDATA[
        import com.workfusion.odf2.core.Odf
        import com.workfusion.odf2.example.task.intake.EmailMonitorTask
        import com.workfusion.odf2.example.module.ServicesModule
        import com.workfusion.odf2.example.module.RepositoryModule
        import com.workfusion.odf2.transaction.task.monitor.MonitorModule
        import com.workfusion.odf2.transaction.TransactionModule
        // after imports

        // before odf builder
        def odf = Odf.builder()
            .withInput(__taskInputMap.getWrappedObject())
            .withModules(new com.workfusion.odf2.core.webharvest.WebHarvestIntegrationModule(binding))
            .withModules(ServicesModule)
.withModules(RepositoryModule)
.withModules(MonitorModule)
.withModules(TransactionModule)
            // after modules
            .build()

        // after odf builder

        result = odf.runTask(EmailMonitorTask)

        // after runTask

        rows = result.getRows()
        columns = result.getColumns()

        // after all
    ]]&gt;&lt;/script&gt;

    &lt;case&gt;
        &lt;if condition="${result.isPresent()}"&gt;
            &lt;export include-original-data="false"&gt;
                &lt;multi-column list="${rows}" split-results="${rows.size() &gt; 1}"&gt;
                    &lt;loop item="columnName"&gt;
                        &lt;list&gt;
                            &lt;script return="columns"/&gt;
                        &lt;/list&gt;
                        &lt;body&gt;
                            &lt;put-to-column-getter name="${columnName}" property="${columnName}"/&gt;
                        &lt;/body&gt;
                    &lt;/loop&gt;
                &lt;/multi-column&gt;
            &lt;/export&gt;
        &lt;/if&gt;
    &lt;/case&gt;
&lt;/config&gt;</content>
                                                    <name>Blank</name>
                                                    <origination>CREATED_MANUALLY</origination>
                                                    <status>ACTIVE</status>
                                                    <type>BASE_MACHINE</type>
                                                    <uuid>8f04bd99-7f51-4796-a528-d1a7c9ccfbc4</uuid>
                                                    <version>
                                                        <lastModified>2023-11-21T08:09:26.119Z</lastModified>
                                                        <componentUuid>8f04bd99-7f51-4796-a528-d1a7c9ccfbc4</componentUuid>
                                                        <incrementalVersion>1.0</incrementalVersion>
                                                        <lastInChain>false</lastInChain>
                                                        <versionUuid>92ea9c57-809b-4d81-bb32-8ba8015f7a61</versionUuid>
                                                    </version>
                                                </template>
                                            </machineWorkSetting>
                                            <machineWorkSettingType>BASIC</machineWorkSettingType>
                                            <name>odf2-example-project-bcb v10.2.8.41 (email-monitor)</name>
                                            <machineConfigOptions/>
                                            <sourceType>BUNDLE</sourceType>
                                            <template>
                                                <content>&lt;?xml version="1.0" encoding="UTF-8"?&gt;
&lt;config xmlns="http://web-harvest.sourceforge.net/schema/1.0/config" scriptlang="groovy"&gt;

    
    

    &lt;script&gt;&lt;![CDATA[
        import com.workfusion.odf2.core.Odf
        import com.workfusion.odf2.example.task.intake.EmailMonitorTask
        import com.workfusion.odf2.example.module.ServicesModule
        import com.workfusion.odf2.example.module.RepositoryModule
        import com.workfusion.odf2.transaction.task.monitor.MonitorModule
        import com.workfusion.odf2.transaction.TransactionModule
        // after imports

        // before odf builder
        def odf = Odf.builder()
            .withInput(__taskInputMap.getWrappedObject())
            .withModules(new com.workfusion.odf2.core.webharvest.WebHarvestIntegrationModule(binding))
            .withModules(ServicesModule)
.withModules(RepositoryModule)
.withModules(MonitorModule)
.withModules(TransactionModule)
            // after modules
            .build()

        // after odf builder

        result = odf.runTask(EmailMonitorTask)

        // after runTask

        rows = result.getRows()
        columns = result.getColumns()

        // after all
    ]]&gt;&lt;/script&gt;

    &lt;case&gt;
        &lt;if condition="${result.isPresent()}"&gt;
            &lt;export include-original-data="false"&gt;
                &lt;multi-column list="${rows}" split-results="${rows.size() &gt; 1}"&gt;
                    &lt;loop item="columnName"&gt;
                        &lt;list&gt;
                            &lt;script return="columns"/&gt;
                        &lt;/list&gt;
                        &lt;body&gt;
                            &lt;put-to-column-getter name="${columnName}" property="${columnName}"/&gt;
                        &lt;/body&gt;
                    &lt;/loop&gt;
                &lt;/multi-column&gt;
            &lt;/export&gt;
        &lt;/if&gt;
    &lt;/case&gt;
&lt;/config&gt;</content>
                                                <name>Blank</name>
                                                <origination>CREATED_MANUALLY</origination>
                                                <status>ACTIVE</status>
                                                <type>BASE_MACHINE</type>
                                                <uuid>8f04bd99-7f51-4796-a528-d1a7c9ccfbc4</uuid>
                                                <version>
                                                    <lastModified>2023-11-21T08:09:26.119Z</lastModified>
                                                    <componentUuid>8f04bd99-7f51-4796-a528-d1a7c9ccfbc4</componentUuid>
                                                    <incrementalVersion>1.0</incrementalVersion>
                                                    <lastInChain>false</lastInChain>
                                                    <versionUuid>92ea9c57-809b-4d81-bb32-8ba8015f7a61</versionUuid>
                                                </version>
                                            </template>
                                            <uuid>b81239ed-6676-42ea-9e41-919cecbce17c</uuid>
                                            <version>
                                                <lastModified>2023-11-21T08:09:26.119Z</lastModified>
                                                <componentUuid>a11e4dde-bd47-4fac-a1fa-98e706fc71b6</componentUuid>
                                                <incrementalVersion>1.4</incrementalVersion>
                                                <lastInChain>true</lastInChain>
                                                <versionUuid>92ea9c57-809b-4d81-bb32-8ba8015f7a61</versionUuid>
                                            </version>
                                        </machineConfig>
                                        <moderation>false</moderation>
                                        <origination>CREATED_AUTOMATICALLY</origination>
                                        <requiresData>true</requiresData>
                                        <status>ACTIVE</status>
                                        <streamComplexRunThreshold>1</streamComplexRunThreshold>
                                        <streamTimeInterval>Immediately</streamTimeInterval>
                                        <streamTimeIntervalValue>0</streamTimeIntervalValue>
                                        <streamValueType>Tasks</streamValueType>
                                        <title>odf2-example-project-bcb v10.2.8.41 (email-monitor)</title>
                                        <type>SINGLE</type>
                                        <uuid>b45e0003-e39b-44fa-b62f-d20966d80691</uuid>
                                        <validWorkflow>false</validWorkflow>
                                        <version>
                                            <lastModified>2023-11-21T08:09:26.119Z</lastModified>
                                            <componentUuid>7daf8476-75f9-466a-8a0a-3e38d0c89981</componentUuid>
                                            <incrementalVersion>1.0</incrementalVersion>
                                            <lastInChain>true</lastInChain>
                                            <versionUuid>92ea9c57-809b-4d81-bb32-8ba8015f7a61</versionUuid>
                                        </version>
                                        <workSettingBase>false</workSettingBase>
                                    </campaign>
                                    <deleted>false</deleted>
                                    <lastModifiedAudit>
                                        <lastModified>2021-12-15T09:34:30.347Z</lastModified>
                                    </lastModifiedAudit>
                                    <skipForSTPCalculation>false</skipForSTPCalculation>
                                    <stepIndex>1</stepIndex>
                                    <stepPosition>START</stepPosition>
                                    <streamed>false</streamed>
                                    <uuid>59f4b943-8246-4016-b21b-d1886aea5cfe</uuid>
                                </campaignMap>
                                <campaignMap>
                                    <activateTracking>false</activateTracking>
                                    <blockSize>1</blockSize>
                                    <businessRule>
                                        <content>#RuleContext.APPROVE_ALL_RULE</content>
                                        <name>Approve All</name>
                                        <ruleType>WORKFLOW_RULE</ruleType>
                                        <ruleTypeUI>Composite</ruleTypeUI>
                                        <uuid>a24c96c6-f9fd-43ac-9142-6a7f27018a35</uuid>
                                        <workflowRuleMode>SIMPLE</workflowRuleMode>
                                    </businessRule>
                                    <campaign>
                                        <active>true</active>
                                        <businessRules/>
                                        <campaignMaps/>
                                        <campaigns/>
                                        <createNewTrainingSet>false</createNewTrainingSet>
                                        <executingType>MACHINE</executingType>
                                        <goldBucketBlockSize>0</goldBucketBlockSize>
                                        <goldRatio>0</goldRatio>
                                        <goldSource>Empty</goldSource>
                                        <goldType>Percentage</goldType>
                                        <includeOriginalData>false</includeOriginalData>
                                        <machineConfig>
                                            <answers/>
                                            <content>&lt;?xml version="1.0" encoding="UTF-8"?&gt;
&lt;config xmlns="http://web-harvest.sourceforge.net/schema/1.0/config" scriptlang="groovy"&gt;

    
    

    &lt;script&gt;&lt;![CDATA[
        import com.workfusion.odf2.core.Odf
        import com.workfusion.odf2.multiprocess.task.intake.FinalizeIntakeTask
        import com.workfusion.odf2.transaction.TransactionModule
        // after imports

        // before odf builder
        def odf = Odf.builder()
            .withInput(__taskInputMap.getWrappedObject())
            .withModules(new com.workfusion.odf2.core.webharvest.WebHarvestIntegrationModule(binding))
            .withModules(TransactionModule)
            // after modules
            .build()

        // after odf builder

        result = odf.runTask(FinalizeIntakeTask)

        // after runTask

        rows = result.getRows()
        columns = result.getColumns()

        // after all
    ]]&gt;&lt;/script&gt;

    &lt;case&gt;
        &lt;if condition="${result.isPresent()}"&gt;
            &lt;export include-original-data="false"&gt;
                &lt;multi-column list="${rows}" split-results="${rows.size() &gt; 1}"&gt;
                    &lt;loop item="columnName"&gt;
                        &lt;list&gt;
                            &lt;script return="columns"/&gt;
                        &lt;/list&gt;
                        &lt;body&gt;
                            &lt;put-to-column-getter name="${columnName}" property="${columnName}"/&gt;
                        &lt;/body&gt;
                    &lt;/loop&gt;
                &lt;/multi-column&gt;
            &lt;/export&gt;
        &lt;/if&gt;
    &lt;/case&gt;
&lt;/config&gt;</content>
                                            <gavc>com.workfusion.odf2.example:odf2-example-project-bcb:10.2.8.41:main:finalize-intake</gavc>
                                            <includedConfigs/>
                                            <inclusionCode>34bd1329-b596-4a17-8b31-63f1e7098b72</inclusionCode>
                                            <machineWorkSetting>
                                                <category>
                                                    <automation>false</automation>
                                                    <description/>
                                                    <enabled>true</enabled>
                                                    <executingType>MACHINE</executingType>
                                                    <name>Other</name>
                                                    <private>false</private>
                                                    <publicId>dd92f240-144b-4fef-8476-4ec0acbc1105</publicId>
                                                </category>
                                                <contentType>BLANK</contentType>
                                                <description/>
                                                <enabled>true</enabled>
                                                <name>Miscellaneous Tasks</name>
                                                <publicId>26e6e095-00bb-43fa-8c34-af0b18e71ac9</publicId>
                                                <version>
                                                    <lastModified>2023-11-21T08:09:26.119Z</lastModified>
                                                    <componentUuid>26e6e095-00bb-43fa-8c34-af0b18e71ac9</componentUuid>
                                                    <incrementalVersion>1.0</incrementalVersion>
                                                    <lastInChain>true</lastInChain>
                                                    <versionUuid>1f19c8f8-160d-42b6-abaf-c26395c54ed8</versionUuid>
                                                </version>
                                                <answers/>
                                                <machineWorkSettingType>BASIC</machineWorkSettingType>
                                                <template>
                                                    <content>&lt;?xml version="1.0" encoding="UTF-8"?&gt;
&lt;config xmlns="http://web-harvest.sourceforge.net/schema/1.0/config" scriptlang="groovy"&gt;

    
    

    &lt;script&gt;&lt;![CDATA[
        import com.workfusion.odf2.core.Odf
        import com.workfusion.odf2.multiprocess.task.intake.FinalizeIntakeTask
        import com.workfusion.odf2.transaction.TransactionModule
        // after imports

        // before odf builder
        def odf = Odf.builder()
            .withInput(__taskInputMap.getWrappedObject())
            .withModules(new com.workfusion.odf2.core.webharvest.WebHarvestIntegrationModule(binding))
            .withModules(TransactionModule)
            // after modules
            .build()

        // after odf builder

        result = odf.runTask(FinalizeIntakeTask)

        // after runTask

        rows = result.getRows()
        columns = result.getColumns()

        // after all
    ]]&gt;&lt;/script&gt;

    &lt;case&gt;
        &lt;if condition="${result.isPresent()}"&gt;
            &lt;export include-original-data="false"&gt;
                &lt;multi-column list="${rows}" split-results="${rows.size() &gt; 1}"&gt;
                    &lt;loop item="columnName"&gt;
                        &lt;list&gt;
                            &lt;script return="columns"/&gt;
                        &lt;/list&gt;
                        &lt;body&gt;
                            &lt;put-to-column-getter name="${columnName}" property="${columnName}"/&gt;
                        &lt;/body&gt;
                    &lt;/loop&gt;
                &lt;/multi-column&gt;
            &lt;/export&gt;
        &lt;/if&gt;
    &lt;/case&gt;
&lt;/config&gt;</content>
                                                    <name>Blank</name>
                                                    <origination>CREATED_MANUALLY</origination>
                                                    <status>ACTIVE</status>
                                                    <type>BASE_MACHINE</type>
                                                    <uuid>8f04bd99-7f51-4796-a528-d1a7c9ccfbc4</uuid>
                                                    <version>
                                                        <lastModified>2023-11-21T08:09:26.119Z</lastModified>
                                                        <componentUuid>8f04bd99-7f51-4796-a528-d1a7c9ccfbc4</componentUuid>
                                                        <incrementalVersion>1.0</incrementalVersion>
                                                        <lastInChain>false</lastInChain>
                                                        <versionUuid>1f19c8f8-160d-42b6-abaf-c26395c54ed8</versionUuid>
                                                    </version>
                                                </template>
                                            </machineWorkSetting>
                                            <machineWorkSettingType>BASIC</machineWorkSettingType>
                                            <name>odf2-example-project-bcb v10.2.8.41 (finalize-intake)</name>
                                            <machineConfigOptions/>
                                            <sourceType>BUNDLE</sourceType>
                                            <template>
                                                <content>&lt;?xml version="1.0" encoding="UTF-8"?&gt;
&lt;config xmlns="http://web-harvest.sourceforge.net/schema/1.0/config" scriptlang="groovy"&gt;

    
    

    &lt;script&gt;&lt;![CDATA[
        import com.workfusion.odf2.core.Odf
        import com.workfusion.odf2.multiprocess.task.intake.FinalizeIntakeTask
        import com.workfusion.odf2.transaction.TransactionModule
        // after imports

        // before odf builder
        def odf = Odf.builder()
            .withInput(__taskInputMap.getWrappedObject())
            .withModules(new com.workfusion.odf2.core.webharvest.WebHarvestIntegrationModule(binding))
            .withModules(TransactionModule)
            // after modules
            .build()

        // after odf builder

        result = odf.runTask(FinalizeIntakeTask)

        // after runTask

        rows = result.getRows()
        columns = result.getColumns()

        // after all
    ]]&gt;&lt;/script&gt;

    &lt;case&gt;
        &lt;if condition="${result.isPresent()}"&gt;
            &lt;export include-original-data="false"&gt;
                &lt;multi-column list="${rows}" split-results="${rows.size() &gt; 1}"&gt;
                    &lt;loop item="columnName"&gt;
                        &lt;list&gt;
                            &lt;script return="columns"/&gt;
                        &lt;/list&gt;
                        &lt;body&gt;
                            &lt;put-to-column-getter name="${columnName}" property="${columnName}"/&gt;
                        &lt;/body&gt;
                    &lt;/loop&gt;
                &lt;/multi-column&gt;
            &lt;/export&gt;
        &lt;/if&gt;
    &lt;/case&gt;
&lt;/config&gt;</content>
                                                <name>Blank</name>
                                                <origination>CREATED_MANUALLY</origination>
                                                <status>ACTIVE</status>
                                                <type>BASE_MACHINE</type>
                                                <uuid>8f04bd99-7f51-4796-a528-d1a7c9ccfbc4</uuid>
                                                <version>
                                                    <lastModified>2023-11-21T08:09:26.119Z</lastModified>
                                                    <componentUuid>8f04bd99-7f51-4796-a528-d1a7c9ccfbc4</componentUuid>
                                                    <incrementalVersion>1.0</incrementalVersion>
                                                    <lastInChain>false</lastInChain>
                                                    <versionUuid>1f19c8f8-160d-42b6-abaf-c26395c54ed8</versionUuid>
                                                </version>
                                            </template>
                                            <uuid>41225a2f-5946-4d28-bdaa-838befc1dd91</uuid>
                                            <version>
                                                <lastModified>2023-11-21T08:09:26.119Z</lastModified>
                                                <componentUuid>19b26ee8-9879-42b6-b5c7-fd243e3290c3</componentUuid>
                                                <incrementalVersion>1.5</incrementalVersion>
                                                <lastInChain>true</lastInChain>
                                                <versionUuid>1f19c8f8-160d-42b6-abaf-c26395c54ed8</versionUuid>
                                            </version>
                                        </machineConfig>
                                        <moderation>false</moderation>
                                        <origination>CREATED_AUTOMATICALLY</origination>
                                        <requiresData>true</requiresData>
                                        <status>ACTIVE</status>
                                        <streamComplexRunThreshold>1</streamComplexRunThreshold>
                                        <streamTimeInterval>Immediately</streamTimeInterval>
                                        <streamTimeIntervalValue>0</streamTimeIntervalValue>
                                        <streamValueType>Tasks</streamValueType>
                                        <title>odf2-example-project-bcb v10.2.8.41 (finalize-intake)</title>
                                        <type>SINGLE</type>
                                        <uuid>8ae44552-732a-4d0f-9c1a-f84cbe1af834</uuid>
                                        <validWorkflow>false</validWorkflow>
                                        <version>
                                            <lastModified>2023-11-21T08:09:26.119Z</lastModified>
                                            <componentUuid>c89e5790-f4db-4e39-96d3-db45ed91a543</componentUuid>
                                            <incrementalVersion>1.0</incrementalVersion>
                                            <lastInChain>true</lastInChain>
                                            <versionUuid>1f19c8f8-160d-42b6-abaf-c26395c54ed8</versionUuid>
                                        </version>
                                        <workSettingBase>false</workSettingBase>
                                    </campaign>
                                    <deleted>false</deleted>
                                    <lastModifiedAudit>
                                        <lastModified>2021-12-15T09:34:30.347Z</lastModified>
                                    </lastModifiedAudit>
                                    <skipForSTPCalculation>false</skipForSTPCalculation>
                                    <stepIndex>2</stepIndex>
                                    <stepPosition>INTERMEDIATE</stepPosition>
                                    <streamed>false</streamed>
                                    <uuid>ea65e128-1420-4803-9f9d-7d15ce3589c8</uuid>
                                </campaignMap>
                                <campaignMap>
                                    <activateTracking>false</activateTracking>
                                    <blockSize>1</blockSize>
                                    <businessRule>
                                        <content>#RuleContext.APPROVE_ALL_RULE</content>
                                        <name>Approve All</name>
                                        <ruleType>WORKFLOW_RULE</ruleType>
                                        <ruleTypeUI>Composite</ruleTypeUI>
                                        <uuid>5fbe2dbd-b740-4271-8ac0-7c2970609927</uuid>
                                        <workflowRuleMode>SIMPLE</workflowRuleMode>
                                    </businessRule>
                                    <campaign>
                                        <active>true</active>
                                        <businessRules/>
                                        <campaignMaps/>
                                        <campaigns/>
                                        <createNewTrainingSet>false</createNewTrainingSet>
                                        <executingType>MACHINE</executingType>
                                        <goldBucketBlockSize>0</goldBucketBlockSize>
                                        <goldRatio>0</goldRatio>
                                        <goldSource>Empty</goldSource>
                                        <goldType>Percentage</goldType>
                                        <includeOriginalData>false</includeOriginalData>
                                        <machineConfig>
                                            <answers/>
                                            <content>&lt;?xml version="1.0" encoding="UTF-8"?&gt;
&lt;config xmlns="http://web-harvest.sourceforge.net/schema/1.0/config" scriptlang="groovy"&gt;

    
    

    &lt;script&gt;&lt;![CDATA[
        import com.workfusion.odf2.core.Odf
        import com.workfusion.odf2.example.task.intake.MarkEmailsAsReadTask
        import com.workfusion.odf2.example.module.ServicesModule
        import com.workfusion.odf2.example.module.RepositoryModule
        import com.workfusion.odf2.transaction.TransactionModule
        // after imports

        // before odf builder
        def odf = Odf.builder()
            .withInput(__taskInputMap.getWrappedObject())
            .withModules(new com.workfusion.odf2.core.webharvest.WebHarvestIntegrationModule(binding))
            .withModules(ServicesModule)
.withModules(RepositoryModule)
.withModules(TransactionModule)
            // after modules
            .build()

        // after odf builder

        result = odf.runTask(MarkEmailsAsReadTask)

        // after runTask

        rows = result.getRows()
        columns = result.getColumns()

        // after all
    ]]&gt;&lt;/script&gt;

    &lt;case&gt;
        &lt;if condition="${result.isPresent()}"&gt;
            &lt;export include-original-data="false"&gt;
                &lt;multi-column list="${rows}" split-results="${rows.size() &gt; 1}"&gt;
                    &lt;loop item="columnName"&gt;
                        &lt;list&gt;
                            &lt;script return="columns"/&gt;
                        &lt;/list&gt;
                        &lt;body&gt;
                            &lt;put-to-column-getter name="${columnName}" property="${columnName}"/&gt;
                        &lt;/body&gt;
                    &lt;/loop&gt;
                &lt;/multi-column&gt;
            &lt;/export&gt;
        &lt;/if&gt;
    &lt;/case&gt;
&lt;/config&gt;</content>
                                            <gavc>com.workfusion.odf2.example:odf2-example-project-bcb:10.2.8.41:main:mark-emails-as-read</gavc>
                                            <includedConfigs/>
                                            <inclusionCode>e26bbd00-f82b-4556-b3ae-e13d7d0d997d</inclusionCode>
                                            <machineWorkSetting>
                                                <category>
                                                    <automation>false</automation>
                                                    <description/>
                                                    <enabled>true</enabled>
                                                    <executingType>MACHINE</executingType>
                                                    <name>Other</name>
                                                    <private>false</private>
                                                    <publicId>dd92f240-144b-4fef-8476-4ec0acbc1105</publicId>
                                                </category>
                                                <contentType>BLANK</contentType>
                                                <description/>
                                                <enabled>true</enabled>
                                                <name>Miscellaneous Tasks</name>
                                                <publicId>26e6e095-00bb-43fa-8c34-af0b18e71ac9</publicId>
                                                <version>
                                                    <lastModified>2023-11-21T08:09:26.119Z</lastModified>
                                                    <componentUuid>26e6e095-00bb-43fa-8c34-af0b18e71ac9</componentUuid>
                                                    <incrementalVersion>1.0</incrementalVersion>
                                                    <lastInChain>true</lastInChain>
                                                    <versionUuid>8a87c3e2-045c-4fe5-88a1-319ca3ba5ca0</versionUuid>
                                                </version>
                                                <answers/>
                                                <machineWorkSettingType>BASIC</machineWorkSettingType>
                                                <template>
                                                    <content>&lt;?xml version="1.0" encoding="UTF-8"?&gt;
&lt;config xmlns="http://web-harvest.sourceforge.net/schema/1.0/config" scriptlang="groovy"&gt;

    
    

    &lt;script&gt;&lt;![CDATA[
        import com.workfusion.odf2.core.Odf
        import com.workfusion.odf2.example.task.intake.MarkEmailsAsReadTask
        import com.workfusion.odf2.example.module.ServicesModule
        import com.workfusion.odf2.example.module.RepositoryModule
        import com.workfusion.odf2.transaction.TransactionModule
        // after imports

        // before odf builder
        def odf = Odf.builder()
            .withInput(__taskInputMap.getWrappedObject())
            .withModules(new com.workfusion.odf2.core.webharvest.WebHarvestIntegrationModule(binding))
            .withModules(ServicesModule)
.withModules(RepositoryModule)
.withModules(TransactionModule)
            // after modules
            .build()

        // after odf builder

        result = odf.runTask(MarkEmailsAsReadTask)

        // after runTask

        rows = result.getRows()
        columns = result.getColumns()

        // after all
    ]]&gt;&lt;/script&gt;

    &lt;case&gt;
        &lt;if condition="${result.isPresent()}"&gt;
            &lt;export include-original-data="false"&gt;
                &lt;multi-column list="${rows}" split-results="${rows.size() &gt; 1}"&gt;
                    &lt;loop item="columnName"&gt;
                        &lt;list&gt;
                            &lt;script return="columns"/&gt;
                        &lt;/list&gt;
                        &lt;body&gt;
                            &lt;put-to-column-getter name="${columnName}" property="${columnName}"/&gt;
                        &lt;/body&gt;
                    &lt;/loop&gt;
                &lt;/multi-column&gt;
            &lt;/export&gt;
        &lt;/if&gt;
    &lt;/case&gt;
&lt;/config&gt;</content>
                                                    <name>Blank</name>
                                                    <origination>CREATED_MANUALLY</origination>
                                                    <status>ACTIVE</status>
                                                    <type>BASE_MACHINE</type>
                                                    <uuid>8f04bd99-7f51-4796-a528-d1a7c9ccfbc4</uuid>
                                                    <version>
                                                        <lastModified>2023-11-21T08:09:26.119Z</lastModified>
                                                        <componentUuid>8f04bd99-7f51-4796-a528-d1a7c9ccfbc4</componentUuid>
                                                        <incrementalVersion>1.0</incrementalVersion>
                                                        <lastInChain>false</lastInChain>
                                                        <versionUuid>8a87c3e2-045c-4fe5-88a1-319ca3ba5ca0</versionUuid>
                                                    </version>
                                                </template>
                                            </machineWorkSetting>
                                            <machineWorkSettingType>BASIC</machineWorkSettingType>
                                            <name>odf2-example-project-bcb v10.2.8.41 (mark-emails-as-read)</name>
                                            <machineConfigOptions/>
                                            <sourceType>BUNDLE</sourceType>
                                            <template>
                                                <content>&lt;?xml version="1.0" encoding="UTF-8"?&gt;
&lt;config xmlns="http://web-harvest.sourceforge.net/schema/1.0/config" scriptlang="groovy"&gt;

    
    

    &lt;script&gt;&lt;![CDATA[
        import com.workfusion.odf2.core.Odf
        import com.workfusion.odf2.example.task.intake.MarkEmailsAsReadTask
        import com.workfusion.odf2.example.module.ServicesModule
        import com.workfusion.odf2.example.module.RepositoryModule
        import com.workfusion.odf2.transaction.TransactionModule
        // after imports

        // before odf builder
        def odf = Odf.builder()
            .withInput(__taskInputMap.getWrappedObject())
            .withModules(new com.workfusion.odf2.core.webharvest.WebHarvestIntegrationModule(binding))
            .withModules(ServicesModule)
.withModules(RepositoryModule)
.withModules(TransactionModule)
            // after modules
            .build()

        // after odf builder

        result = odf.runTask(MarkEmailsAsReadTask)

        // after runTask

        rows = result.getRows()
        columns = result.getColumns()

        // after all
    ]]&gt;&lt;/script&gt;

    &lt;case&gt;
        &lt;if condition="${result.isPresent()}"&gt;
            &lt;export include-original-data="false"&gt;
                &lt;multi-column list="${rows}" split-results="${rows.size() &gt; 1}"&gt;
                    &lt;loop item="columnName"&gt;
                        &lt;list&gt;
                            &lt;script return="columns"/&gt;
                        &lt;/list&gt;
                        &lt;body&gt;
                            &lt;put-to-column-getter name="${columnName}" property="${columnName}"/&gt;
                        &lt;/body&gt;
                    &lt;/loop&gt;
                &lt;/multi-column&gt;
            &lt;/export&gt;
        &lt;/if&gt;
    &lt;/case&gt;
&lt;/config&gt;</content>
                                                <name>Blank</name>
                                                <origination>CREATED_MANUALLY</origination>
                                                <status>ACTIVE</status>
                                                <type>BASE_MACHINE</type>
                                                <uuid>8f04bd99-7f51-4796-a528-d1a7c9ccfbc4</uuid>
                                                <version>
                                                    <lastModified>2023-11-21T08:09:26.119Z</lastModified>
                                                    <componentUuid>8f04bd99-7f51-4796-a528-d1a7c9ccfbc4</componentUuid>
                                                    <incrementalVersion>1.0</incrementalVersion>
                                                    <lastInChain>false</lastInChain>
                                                    <versionUuid>8a87c3e2-045c-4fe5-88a1-319ca3ba5ca0</versionUuid>
                                                </version>
                                            </template>
                                            <uuid>3dd24cb9-988c-4d1d-8e47-034fe1245120</uuid>
                                            <version>
                                                <lastModified>2023-11-21T08:09:26.119Z</lastModified>
                                                <componentUuid>da0249a2-c6fe-48d1-8e3a-6d6e2042c04b</componentUuid>
                                                <incrementalVersion>1.6</incrementalVersion>
                                                <lastInChain>true</lastInChain>
                                                <versionUuid>8a87c3e2-045c-4fe5-88a1-319ca3ba5ca0</versionUuid>
                                            </version>
                                        </machineConfig>
                                        <moderation>false</moderation>
                                        <origination>CREATED_AUTOMATICALLY</origination>
                                        <requiresData>true</requiresData>
                                        <status>ACTIVE</status>
                                        <streamComplexRunThreshold>1</streamComplexRunThreshold>
                                        <streamTimeInterval>Immediately</streamTimeInterval>
                                        <streamTimeIntervalValue>0</streamTimeIntervalValue>
                                        <streamValueType>Tasks</streamValueType>
                                        <title>odf2-example-project-bcb v10.2.8.41 (mark-emails-as-read)</title>
                                        <type>SINGLE</type>
                                        <uuid>2f49d2fb-bf63-465f-9086-372d8b2953dd</uuid>
                                        <validWorkflow>false</validWorkflow>
                                        <version>
                                            <lastModified>2023-11-21T08:09:26.119Z</lastModified>
                                            <componentUuid>82a26911-b9e6-4462-a756-10b84e8c4032</componentUuid>
                                            <incrementalVersion>1.0</incrementalVersion>
                                            <lastInChain>true</lastInChain>
                                            <versionUuid>8a87c3e2-045c-4fe5-88a1-319ca3ba5ca0</versionUuid>
                                        </version>
                                        <workSettingBase>false</workSettingBase>
                                    </campaign>
                                    <deleted>false</deleted>
                                    <lastModifiedAudit>
                                        <lastModified>2021-12-15T09:34:30.347Z</lastModified>
                                    </lastModifiedAudit>
                                    <skipForSTPCalculation>false</skipForSTPCalculation>
                                    <stepIndex>3</stepIndex>
                                    <stepPosition>INTERMEDIATE</stepPosition>
                                    <streamed>false</streamed>
                                    <uuid>6585510c-c028-4f09-8089-3ba797ff973d</uuid>
                                </campaignMap>
                                <campaignMap>
                                    <activateTracking>false</activateTracking>
                                    <businessRule>
                                        <content>package com.freedomoss.requester;

#list any import classes here.
import com.freedomoss.objective.model.CompositeRuleContext;
import com.freedomoss.objective.model.CompositeRuleDataItemContext;
import com.freedomoss.requester.model.AwsHitQuestionItem;
import com.freedomoss.requester.model.AwsHitQuestionAnswerItem;
import org.slf4j.Logger;
import java.util.Map;
import java.util.Iterator;
import java.util.List;
import java.util.Set;
import java.util.ArrayList;
import com.freedomoss.requester.dto.SubmissionResultDTO;

#declare any global variables here
global CompositeRuleContext source
global Logger log
global Map params



rule "Rule context initialization"
auto-focus true
no-loop
dialect "mvel"
agenda-group "initialization-group"
	when
		$ctx:CompositeRuleContext(initialized == false);
	then
		$ctx.updateWorkingMemory();
		# move to business rules
		$ctx.logExecutedRule(kcontext.getRule().getName());
		kcontext.getKnowledgeRuntime().getAgenda().getAgendaGroup("calculation").setFocus();
end</content>
                                        <name>Business Process: End Rule</name>
                                        <ruleType>WORKFLOW_RULE</ruleType>
                                        <uuid>5a64639c-bd2e-4972-bf0c-4f092519b521</uuid>
                                        <workflowRuleMode>ADVANCED</workflowRuleMode>
                                    </businessRule>
                                    <campaign>
                                        <active>false</active>
                                        <businessRules/>
                                        <campaignMaps/>
                                        <campaigns/>
                                        <createNewTrainingSet>false</createNewTrainingSet>
                                        <executingType>MACHINE</executingType>
                                        <goldBucketBlockSize>0</goldBucketBlockSize>
                                        <goldRatio>0</goldRatio>
                                        <goldSource>Empty</goldSource>
                                        <goldType>Percentage</goldType>
                                        <includeOriginalData>false</includeOriginalData>
                                        <machineConfig>
                                            <answers/>
                                            <content>&lt;?xml version="1.0" encoding="UTF-8"?&gt;
&lt;config charset="UTF-8"&gt;

    &lt;var-def name="exportType"&gt;
        &lt;case&gt;
            &lt;if condition='${sys.isVariableDefined("_sys_export_type")}'&gt;
                &lt;template&gt;${_sys_export_type}&lt;/template&gt;
            &lt;/if&gt;
        &lt;/case&gt;
    &lt;/var-def&gt;

    &lt;var-def name="exportColumns"&gt;
        &lt;case&gt;
            &lt;if condition='${sys.isVariableDefined("_sys_export_columns")}'&gt;
                &lt;template&gt;${_sys_export_columns}&lt;/template&gt;
            &lt;/if&gt;
            &lt;else&gt;&lt;/else&gt;
        &lt;/case&gt;
    &lt;/var-def&gt;

    &lt;var-def name="columnNameCase"&gt;
        &lt;case&gt;
            &lt;if condition='${sys.isVariableDefined("_sys_column_name_case")}'&gt;
                &lt;template&gt;${_sys_column_name_case}&lt;/template&gt;
            &lt;/if&gt;
            &lt;else&gt;keep&lt;/else&gt;
        &lt;/case&gt;
    &lt;/var-def&gt;

    &lt;var-def name="dataOnly"&gt;
        &lt;case&gt;
            &lt;if condition='${sys.isVariableDefined("_sys_data_only")}'&gt;
                &lt;template&gt;${_sys_data_only}&lt;/template&gt;
            &lt;/if&gt;
            &lt;else&gt;true&lt;/else&gt;
        &lt;/case&gt;
    &lt;/var-def&gt;

    &lt;var-def name="datastoreName"&gt;
        &lt;script return="item.getWrappedObject().getRun().getDatastoreName()" /&gt;
    &lt;/var-def&gt;
    &lt;case&gt;
        &lt;if condition="${!datastoreName.isEmpty()}"&gt;
            &lt;insert-datastore   datastore-name="${datastoreName}" create="true"&gt;
                &lt;script return="hit_submission_data_item.getWrappedObject().getItemValueMap()"/&gt;
            &lt;/insert-datastore&gt;
        &lt;/if&gt;
    &lt;/case&gt;

    &lt;export include-original-data="true"
            export-type="${exportType}"
            export-columns="${exportColumns}"
            column-name-case="${columnNameCase}"
            &gt;
    &lt;/export&gt;
&lt;/config&gt;</content>
                                            <description>Default machine campaign for end step.</description>
                                            <includedConfigs/>
                                            <inclusionCode>3273a981-c631-4ca6-90bb-405734b0ff32</inclusionCode>
                                            <machineWorkSetting>
                                                <category>
                                                    <automation>false</automation>
                                                    <description/>
                                                    <enabled>true</enabled>
                                                    <executingType>MACHINE</executingType>
                                                    <name>Other</name>
                                                    <private>false</private>
                                                    <publicId>dd92f240-144b-4fef-8476-4ec0acbc1105</publicId>
                                                </category>
                                                <contentType>BLANK</contentType>
                                                <description/>
                                                <enabled>true</enabled>
                                                <name>Miscellaneous Tasks</name>
                                                <publicId>26e6e095-00bb-43fa-8c34-af0b18e71ac9</publicId>
                                                <version>
                                                    <lastModified>2023-11-21T08:09:26.119Z</lastModified>
                                                    <componentUuid>26e6e095-00bb-43fa-8c34-af0b18e71ac9</componentUuid>
                                                    <incrementalVersion>1.0</incrementalVersion>
                                                    <lastInChain>true</lastInChain>
                                                    <versionUuid>326a834f-3bf3-48e5-816c-0f0e112b8fd1</versionUuid>
                                                </version>
                                                <answers/>
                                                <machineWorkSettingType>BASIC</machineWorkSettingType>
                                                <template>
                                                    <content>&lt;?xml version="1.0" encoding="UTF-8"?&gt;
&lt;config charset="UTF-8"&gt;
	&lt;export include-original-data="true"&gt;
	&lt;/export&gt;
&lt;/config&gt;</content>
                                                    <name>Blank</name>
                                                    <origination>CREATED_MANUALLY</origination>
                                                    <status>ACTIVE</status>
                                                    <type>BASE_MACHINE</type>
                                                    <uuid>8f04bd99-7f51-4796-a528-d1a7c9ccfbc4</uuid>
                                                    <version>
                                                        <lastModified>2023-11-21T08:09:26.119Z</lastModified>
                                                        <componentUuid>8f04bd99-7f51-4796-a528-d1a7c9ccfbc4</componentUuid>
                                                        <incrementalVersion>1.0</incrementalVersion>
                                                        <lastInChain>false</lastInChain>
                                                        <versionUuid>7bbb9afa-e4c4-44f7-98a1-5a92e959edc7</versionUuid>
                                                    </version>
                                                </template>
                                            </machineWorkSetting>
                                            <name>Final Results</name>
                                            <machineConfigOptions/>
                                            <sourceType>MANUAL</sourceType>
                                            <template>
                                                <content>&lt;?xml version="1.0" encoding="UTF-8"?&gt;
&lt;config charset="UTF-8"&gt;
	&lt;export include-original-data="true"&gt;
	&lt;/export&gt;
&lt;/config&gt;</content>
                                                <name>Blank</name>
                                                <origination>CREATED_MANUALLY</origination>
                                                <status>ACTIVE</status>
                                                <type>BASE_MACHINE</type>
                                                <uuid>8f04bd99-7f51-4796-a528-d1a7c9ccfbc4</uuid>
                                                <version>
                                                    <lastModified>2023-11-21T08:09:26.119Z</lastModified>
                                                    <componentUuid>8f04bd99-7f51-4796-a528-d1a7c9ccfbc4</componentUuid>
                                                    <incrementalVersion>1.0</incrementalVersion>
                                                    <lastInChain>false</lastInChain>
                                                    <versionUuid>ce29cf3c-17f9-4c88-a72e-a8058d4f3c7d</versionUuid>
                                                </version>
                                            </template>
                                            <uuid>47a20fd4-f803-4250-85b9-6b3604f2ebcd</uuid>
                                            <version>
                                                <lastModified>2023-11-21T08:09:26.119Z</lastModified>
                                                <componentUuid>9e5000e3-c243-42d3-b5ad-c6ac90dec35e</componentUuid>
                                                <incrementalVersion>1.0</incrementalVersion>
                                                <lastInChain>true</lastInChain>
                                                <versionUuid>f432b8f2-4dce-4d2f-822e-2502a3551d1a</versionUuid>
                                            </version>
                                        </machineConfig>
                                        <moderation>false</moderation>
                                        <origination>CREATED_AUTOMATICALLY</origination>
                                        <requiresData>true</requiresData>
                                        <status>ACTIVE</status>
                                        <streamComplexRunThreshold>100</streamComplexRunThreshold>
                                        <streamTimeInterval>Immediately</streamTimeInterval>
                                        <streamTimeIntervalValue>0</streamTimeIntervalValue>
                                        <streamValueType>Percents</streamValueType>
                                        <title>Final Results</title>
                                        <type>SINGLE</type>
                                        <uuid>f1aea1ba-6eca-4b29-abf5-bff0494fbb05</uuid>
                                        <validWorkflow>false</validWorkflow>
                                        <version>
                                            <lastModified>2023-11-21T08:09:26.119Z</lastModified>
                                            <componentUuid>9f6a0dc2-8693-11e7-be4e-06d2c080f20b</componentUuid>
                                            <incrementalVersion>1.0</incrementalVersion>
                                            <lastInChain>false</lastInChain>
                                            <versionUuid>ca133fb8-af8f-4717-bf24-69358e3c8df2</versionUuid>
                                        </version>
                                        <workSettingBase>false</workSettingBase>
                                    </campaign>
                                    <deleted>false</deleted>
                                    <lastModifiedAudit>
                                        <lastModified>2021-12-15T09:34:30.347Z</lastModified>
                                    </lastModifiedAudit>
                                    <skipForSTPCalculation>false</skipForSTPCalculation>
                                    <stepIndex>4</stepIndex>
                                    <stepPosition>END</stepPosition>
                                    <streamed>false</streamed>
                                    <uuid>c4532806-453e-4715-b531-eef69b0053db</uuid>
                                </campaignMap>
                            </campaignMaps>
                            <campaigns/>
                            <compositeCampaignVersion>NEW_WORKFLOW</compositeCampaignVersion>
                            <compositeStructureXml>&lt;?xml version="1.0" encoding="UTF-8" standalone="no"?&gt;&lt;mxGraphModel&gt;&lt;root&gt;&lt;mxCell id="0"/&gt;&lt;mxCell id="1" parent="0"/&gt;&lt;Start id="2" name="Start" type="start"&gt;&lt;mxCell parent="1" style="start" vertex="1"&gt;&lt;mxGeometry as="geometry" height="32.0" width="32.0" x="190.0" y="120.0"/&gt;&lt;/mxCell&gt;&lt;/Start&gt;&lt;MachineTask campaignMapUUID="59f4b943-8246-4016-b21b-d1886aea5cfe" id="3" name="odf2-example-project-bcb v10.2.8.41 (email-monitor)" taskUUID="b45e0003-e39b-44fa-b62f-d20966d80691" type="machine_task"&gt;&lt;mxCell parent="1" style="machine_task" vertex="1"&gt;&lt;mxGeometry as="geometry" height="60.0" width="160.0" x="270.0" y="106.0"/&gt;&lt;/mxCell&gt;&lt;/MachineTask&gt;&lt;Link id="4" name="" type="link"&gt;&lt;mxCell edge="1" parent="1" source="2" style="link" target="3"&gt;&lt;mxGeometry as="geometry" relative="1" x="0.5" y="10.0"/&gt;&lt;/mxCell&gt;&lt;/Link&gt;&lt;Rule id="5" name="monitor loop" ruleUUID="aeb34220-8930-4afa-a6a7-576a388cf494" type="rule"&gt;&lt;mxCell parent="1" style="rule" vertex="1"&gt;&lt;mxGeometry as="geometry" height="32.0" width="32.0" x="480.0" y="120.0"/&gt;&lt;/mxCell&gt;&lt;/Rule&gt;&lt;Link id="6" name="" type="link"&gt;&lt;mxCell edge="1" parent="1" source="3" style="link" target="5"&gt;&lt;mxGeometry as="geometry" relative="1" x="0.5" y="10.0"/&gt;&lt;/mxCell&gt;&lt;/Link&gt;&lt;Link conditional="true" id="7" label="loop" name="" outcomeId="loop" ruleUUID="aeb34220-8930-4afa-a6a7-576a388cf494" type="link"&gt;&lt;mxCell edge="1" parent="1" source="5" style="link" target="3"&gt;&lt;mxGeometry as="geometry"&gt;&lt;mxPoint as="targetPoint" x="600.0" y="121.0"/&gt;&lt;Array as="points"&gt;&lt;mxPoint x="496.0" y="60.0"/&gt;&lt;mxPoint x="350.0" y="60.0"/&gt;&lt;/Array&gt;&lt;mxPoint as="offset" x="7.0" y="-73.0"/&gt;&lt;/mxGeometry&gt;&lt;/mxCell&gt;&lt;/Link&gt;&lt;Link conditional="true" id="8" label="processing" name="" outcomeId="processing" ruleUUID="aeb34220-8930-4afa-a6a7-576a388cf494" type="link"&gt;&lt;mxCell edge="1" parent="1" source="5" style="link" target="9"&gt;&lt;mxGeometry as="geometry"&gt;&lt;mxPoint as="targetPoint" x="600.0" y="151.0"/&gt;&lt;Array as="points"/&gt;&lt;/mxGeometry&gt;&lt;/mxCell&gt;&lt;/Link&gt;&lt;MachineTask campaignMapUUID="6585510c-c028-4f09-8089-3ba797ff973d" id="9" name="odf2-example-project-bcb v10.2.8.41 (mark-emails-as-read)" taskUUID="2f49d2fb-bf63-465f-9086-372d8b2953dd" type="machine_task"&gt;&lt;mxCell parent="1" style="machine_task" vertex="1"&gt;&lt;mxGeometry as="geometry" height="60.0" width="160.0" x="610.0" y="106.0"/&gt;&lt;/mxCell&gt;&lt;/MachineTask&gt;&lt;MachineTask campaignMapUUID="ea65e128-1420-4803-9f9d-7d15ce3589c8" id="10" name="odf2-example-project-bcb v10.2.8.41 (finalize-intake)" taskUUID="8ae44552-732a-4d0f-9c1a-f84cbe1af834" type="machine_task"&gt;&lt;mxCell parent="1" style="machine_task" vertex="1"&gt;&lt;mxGeometry as="geometry" height="60.0" width="160.0" x="830.0" y="106.0"/&gt;&lt;/mxCell&gt;&lt;/MachineTask&gt;&lt;Link id="11" name="" outcome="ApproveAll" outcomeId="ApproveAll" ruleUUID="5fbe2dbd-b740-4271-8ac0-7c2970609927" type="link"&gt;&lt;mxCell edge="1" parent="1" source="9" style="link" target="10"&gt;&lt;mxGeometry as="geometry" relative="1" x="0.5" y="10.0"/&gt;&lt;/mxCell&gt;&lt;/Link&gt;&lt;End campaignMapUUID="c4532806-453e-4715-b531-eef69b0053db" id="12" name="Final Results" type="end"&gt;&lt;mxCell parent="1" style="end" vertex="1"&gt;&lt;mxGeometry as="geometry" height="32.0" width="32.0" x="1040.0" y="120.0"/&gt;&lt;/mxCell&gt;&lt;/End&gt;&lt;Link id="13" name="" outcome="ApproveAll" outcomeId="ApproveAll" ruleUUID="a24c96c6-f9fd-43ac-9142-6a7f27018a35" type="link"&gt;&lt;mxCell edge="1" parent="1" source="10" style="link" target="12"&gt;&lt;mxGeometry as="geometry" relative="1" x="0.5" y="10.0"/&gt;&lt;/mxCell&gt;&lt;/Link&gt;&lt;/root&gt;&lt;/mxGraphModel&gt;</compositeStructureXml>
                            <createNewTrainingSet>false</createNewTrainingSet>
                            <description>Business Process description</description>
                            <executingType>COMPOSITE</executingType>
                            <goldBucketBlockSize>0</goldBucketBlockSize>
                            <goldRatio>0</goldRatio>
                            <goldSource>Empty</goldSource>
                            <goldType>Percentage</goldType>
                            <includeOriginalData>false</includeOriginalData>
                            <moderation>false</moderation>
                            <origination>CREATED_AUTOMATICALLY</origination>
                            <requiresData>false</requiresData>
                            <status>ACTIVE</status>
                            <streamComplexRunThreshold>1</streamComplexRunThreshold>
                            <streamTimeInterval>Immediately</streamTimeInterval>
                            <streamTimeIntervalValue>0</streamTimeIntervalValue>
                            <streamValueType>Tasks</streamValueType>
                            <title>[odf2-example-project v10.2.8.41] Data Intake</title>
                            <type>COMPOSITE</type>
                            <uuid>56bfb24c-4a46-4481-ae2a-f1f42bd96f2c</uuid>
                            <validWorkflow>true</validWorkflow>
                            <version>
                                <lastModified>2021-12-15T09:34:30.347Z</lastModified>
                                <componentUuid>c83a2185-a3cb-476d-9ec8-cbaf8da09e71</componentUuid>
                                <incrementalVersion>1.6</incrementalVersion>
                                <lastInChain>true</lastInChain>
                                <versionUuid>90298ca7-4fd6-4ae1-8733-604657d259a2</versionUuid>
                            </version>
                            <workSettingBase>false</workSettingBase>
                        </campaign>
                        <description>
                            <automationType>NONE</automationType>
                            <dynamicTaskRenderingDisabled>false</dynamicTaskRenderingDisabled>
                            <goldRun>false</goldRun>
                            <qualificationTraining>false</qualificationTraining>
                            <snapshotType>CSV</snapshotType>
                            <stepDescription>{}</stepDescription>
                            <streamingValue>1</streamingValue>
                            <streamingValueType>Tasks</streamingValueType>
                            <taskParams>{"values":{"NAME":"odf2-example-project-bcb v10.2.8.41 (email-monitor)"}}</taskParams>
                            <uploadResultsType>CREATE</uploadResultsType>
                        </description>
                        <executingType>MACHINE</executingType>
                        <forceComplete>false</forceComplete>
                        <forceCompleteIdleTime>0</forceCompleteIdleTime>
                        <forceCompletePercent>100</forceCompletePercent>
                        <lastModified>2021-12-15T09:36:48.623Z</lastModified>
                        <mixStrategy>
                            <additionalRows>0</additionalRows>
                            <blockSize>1</blockSize>
                            <goldItemSize>0</goldItemSize>
                            <goldPercentage>0</goldPercentage>
                            <goldRatio>true</goldRatio>
                            <mainRows>1</mainRows>
                            <repeated>false</repeated>
                        </mixStrategy>
                        <purged>false</purged>
                        <recordProcessingStatus>COMPLETED</recordProcessingStatus>
                        <recursiveCount>1</recursiveCount>
                        <rootRunUUID>b86c77db-bcb8-461a-b2ff-66bbf9398126</rootRunUUID>
                        <runType>SIMPLE</runType>
                        <tags/>
                        <title>odf2-example-project-bcb v10.2.8.41 (email-monitor)</title>
                        <uuid>1d105cbf-5140-4ca5-a5dc-eb1249005e59</uuid>
                    </run>
                </runs>
                <automationUseCases/>
                <automationInfo/>
            </project>
            <hashCode>8917635494</hashCode>
        </objectContainer>
    </objects>
</objectListWrapper>