<?xml version="1.0" encoding="US-ASCII" standalone="yes"?><objectListWrapper>
    <objects>
        <objectContainer>
            <project>
                <name>[odf2-example-project v10.3.0.57] Data Intake</name>
                <description/>
                <author>workfusion</author>
                <runs>
                    <run>
                        <blockSize>1</blockSize>
                        <campaign>
                            <active>true</active>
                            <businessRules/>
                            <campaignMaps>
                                <campaignMap>
                                    <activateTracking>false</activateTracking>
                                    <blockSize>1</blockSize>
                                    <businessRule>
                                        <content># Rule.Definition={"moderationRule":false,"approveAllRule":false,"splitData":true,"splitRule":false,"splitRuleSuffix":"","joinRule":false,"joinRuleSuffix":"","streamingRule":false,"streamingRuleSuffix":"","namedRule":false,"namedRuleName":""}
package com.freedomoss.requester;

# list any import classes here.
import java.util.Map;
import java.util.ArrayList;
import com.freedomoss.objective.model.CompositeRuleContext;
import com.freedomoss.objective.model.CompositeRuleDataItemContext;
import org.slf4j.Logger;


# declare any global variables here
global CompositeRuleContext source
global Logger log
global Map params

# RuleContext.SPLIT_DATA

rule "Rule context initialization"
auto-focus true
no-loop
agenda-group "initialization-group"
    when
        $ctx:CompositeRuleContext(initialized == false);
    then
        # insert processed facts into memory
        $ctx.updateWorkingMemory();
        # move to business rules
        kcontext.getKnowledgeRuntime().getAgenda().getAgendaGroup("calculation").setFocus();
end

# RuleOutcome.Definition={"outcomeId":"loop","conditional":true,"reworkBySameWorker":false,"assignToSameWorker":false,"anableLogging":false,"sendRejectNotification":false,"assignToAnyWorker":false,"approveRelatedAssignments":false,"rejectRelatedAssignments":false,"renameAutomationAnswerItem":false,"conditions":[{"fieldName":"_sys_repeat","value":"true","operator":"EQ"}],"customConditions":[]}
rule "1. Send records to 'loop' when _sys_repeat EQ 'true'"
agenda-group "calculation"
dialect "mvel"
salience 100
    when
        $ctx:CompositeRuleContext(initialized == true);
        $item:CompositeRuleDataItemContext();
        eval($item.checkValue("_sys_repeat", "EQ", "true"));

    then
        $ctx.sendResultTo("loop", $item);
end

# RuleOutcome.Definition={"outcomeId":"processing","conditional":true,"reworkBySameWorker":false,"assignToSameWorker":false,"anableLogging":false,"sendRejectNotification":false,"assignToAnyWorker":false,"approveRelatedAssignments":false,"rejectRelatedAssignments":false,"renameAutomationAnswerItem":false,"conditions":[{"fieldName":"_sys_repeat","value":"true","operator":"NE"}],"customConditions":[]}
rule "2. Send records to 'processing' when _sys_repeat NE 'true'"
agenda-group "calculation"
dialect "mvel"
salience 100
    when
        $ctx:CompositeRuleContext(initialized == true);
        $item:CompositeRuleDataItemContext();
        eval($item.checkValue("_sys_repeat", "NE", "true"));

    then
        $ctx.sendResultTo("processing", $item);
end



rule "Send unprocessed result to unconditional outcome(s)"
agenda-group "calculation"
dialect "mvel"
salience 80
    when
        $ctx:CompositeRuleContext(initialized == true);
        $item:CompositeRuleDataItemContext();
    then
        $ctx.sendResultToUnconditionalOutcomes($item, true);
end</content>
                                        <name>monitor loop</name>
                                        <ruleType>WORKFLOW_RULE</ruleType>
                                        <ruleTypeUI>Composite</ruleTypeUI>
                                        <uuid>aeb34220-8930-4afa-a6a7-576a388cf494</uuid>
                                        <workflowRuleMode>SIMPLE</workflowRuleMode>
                                    </businessRule>
                                    <campaign>
                                        <active>true</active>
                                        <businessRules/>
                                        <campaignMaps/>
                                        <campaigns/>
                                        <createNewTrainingSet>false</createNewTrainingSet>
                                        <executingType>MACHINE</executingType>
                                        <goldBucketBlockSize>0</goldBucketBlockSize>
                                        <goldRatio>0</goldRatio>
                                        <goldSource>Empty</goldSource>
                                        <goldType>Percentage</goldType>
                                        <includeOriginalData>false</includeOriginalData>
                                        <machineConfig>
                                            <answers/>
                                            <content>&lt;?xml version="1.0" encoding="UTF-8"?&gt;
&lt;config xmlns="http://web-harvest.sourceforge.net/schema/1.0/config" scriptlang="groovy" java-version="21"&gt;

    
    

    &lt;script&gt;&lt;![CDATA[
        import com.workfusion.odf2.core.Odf
        import com.workfusion.odf2.example.task.intake.EmailMonitorTask
        import com.workfusion.odf2.example.module.ServicesModule
        import com.workfusion.odf2.example.module.RepositoryModule
        import com.workfusion.odf2.transaction.task.monitor.MonitorModule
        import com.workfusion.odf2.transaction.TransactionModule
        // after imports

        // before odf builder
        def odf = Odf.builder()
            .withInput(__taskInputMap.getWrappedObject())
            .withModules(new com.workfusion.odf2.core.webharvest.WebHarvestIntegrationModule(binding))
            .withModules(ServicesModule)
.withModules(RepositoryModule)
.withModules(MonitorModule)
.withModules(TransactionModule)
            // after modules
            .build()

        // after odf builder

        result = odf.runTask(EmailMonitorTask)

        // after runTask

        rows = result.getRows()
        columns = result.getColumns()

        // after all
    ]]&gt;&lt;/script&gt;

    &lt;case&gt;
        &lt;if condition="${result.isPresent()}"&gt;
            &lt;export include-original-data="false"&gt;
                &lt;multi-column list="${rows}" split-results="${rows.size() &gt; 1}"&gt;
                    &lt;loop item="columnName"&gt;
                        &lt;list&gt;
                            &lt;script return="columns"/&gt;
                        &lt;/list&gt;
                        &lt;body&gt;
                            &lt;put-to-column-getter name="${columnName}" property="${columnName}"/&gt;
                        &lt;/body&gt;
                    &lt;/loop&gt;
                &lt;/multi-column&gt;
            &lt;/export&gt;
        &lt;/if&gt;
    &lt;/case&gt;
&lt;/config&gt;</content>
                                            <gavc>com.workfusion.odf2.example:odf2-example-project-bcb:10.3.0.57:main:email-monitor</gavc>
                                            <includedConfigs/>
                                            <inclusionCode>8579cb05-9510-40ac-a9f1-a0410de1a283</inclusionCode>
                                            <machineWorkSetting>
                                                <category>
                                                    <automation>false</automation>
                                                    <description/>
                                                    <enabled>true</enabled>
                                                    <executingType>MACHINE</executingType>
                                                    <name>Other</name>
                                                    <private>false</private>
                                                    <publicId>dd92f240-144b-4fef-8476-4ec0acbc1105</publicId>
                                                </category>
                                                <contentType>BLANK</contentType>
                                                <description/>
                                                <enabled>true</enabled>
                                                <name>Miscellaneous Tasks</name>
                                                <publicId>26e6e095-00bb-43fa-8c34-af0b18e71ac9</publicId>
                                                <version>
                                                    <lastModified>2025-07-15T13:52:26.682424447Z</lastModified>
                                                    <componentUuid>26e6e095-00bb-43fa-8c34-af0b18e71ac9</componentUuid>
                                                    <incrementalVersion>1.0</incrementalVersion>
                                                    <lastInChain>true</lastInChain>
                                                    <versionUuid>a32ace59-8481-48e2-ad01-fe93fe8addb9</versionUuid>
                                                </version>
                                                <answers/>
                                                <machineWorkSettingType>BASIC</machineWorkSettingType>
                                                <template>
                                                    <content>&lt;?xml version="1.0" encoding="UTF-8"?&gt;
&lt;config xmlns="http://web-harvest.sourceforge.net/schema/1.0/config" scriptlang="groovy" java-version="21"&gt;

    
    

    &lt;script&gt;&lt;![CDATA[
        import com.workfusion.odf2.core.Odf
        import com.workfusion.odf2.example.task.intake.EmailMonitorTask
        import com.workfusion.odf2.example.module.ServicesModule
        import com.workfusion.odf2.example.module.RepositoryModule
        import com.workfusion.odf2.transaction.task.monitor.MonitorModule
        import com.workfusion.odf2.transaction.TransactionModule
        // after imports

        // before odf builder
        def odf = Odf.builder()
            .withInput(__taskInputMap.getWrappedObject())
            .withModules(new com.workfusion.odf2.core.webharvest.WebHarvestIntegrationModule(binding))
            .withModules(ServicesModule)
.withModules(RepositoryModule)
.withModules(MonitorModule)
.withModules(TransactionModule)
            // after modules
            .build()

        // after odf builder

        result = odf.runTask(EmailMonitorTask)

        // after runTask

        rows = result.getRows()
        columns = result.getColumns()

        // after all
    ]]&gt;&lt;/script&gt;

    &lt;case&gt;
        &lt;if condition="${result.isPresent()}"&gt;
            &lt;export include-original-data="false"&gt;
                &lt;multi-column list="${rows}" split-results="${rows.size() &gt; 1}"&gt;
                    &lt;loop item="columnName"&gt;
                        &lt;list&gt;
                            &lt;script return="columns"/&gt;
                        &lt;/list&gt;
                        &lt;body&gt;
                            &lt;put-to-column-getter name="${columnName}" property="${columnName}"/&gt;
                        &lt;/body&gt;
                    &lt;/loop&gt;
                &lt;/multi-column&gt;
            &lt;/export&gt;
        &lt;/if&gt;
    &lt;/case&gt;
&lt;/config&gt;</content>
                                                    <name>Blank</name>
                                                    <origination>CREATED_MANUALLY</origination>
                                                    <status>ACTIVE</status>
                                                    <type>BASE_MACHINE</type>
                                                    <uuid>8f04bd99-7f51-4796-a528-d1a7c9ccfbc4</uuid>
                                                    <version>
                                                        <lastModified>2025-07-15T13:52:26.682424447Z</lastModified>
                                                        <componentUuid>8f04bd99-7f51-4796-a528-d1a7c9ccfbc4</componentUuid>
                                                        <incrementalVersion>1.0</incrementalVersion>
                                                        <lastInChain>false</lastInChain>
                                                        <versionUuid>a32ace59-8481-48e2-ad01-fe93fe8addb9</versionUuid>
                                                    </version>
                                                </template>
                                            </machineWorkSetting>
                                            <machineWorkSettingType>BASIC</machineWorkSettingType>
                                            <name>odf2-example-project-bcb v10.3.0.57 (email-monitor)</name>
                                            <machineConfigOptions/>
                                            <sourceType>BUNDLE</sourceType>
                                            <template>
                                                <content>&lt;?xml version="1.0" encoding="UTF-8"?&gt;
&lt;config xmlns="http://web-harvest.sourceforge.net/schema/1.0/config" scriptlang="groovy" java-version="21"&gt;

    
    

    &lt;script&gt;&lt;![CDATA[
        import com.workfusion.odf2.core.Odf
        import com.workfusion.odf2.example.task.intake.EmailMonitorTask
        import com.workfusion.odf2.example.module.ServicesModule
        import com.workfusion.odf2.example.module.RepositoryModule
        import com.workfusion.odf2.transaction.task.monitor.MonitorModule
        import com.workfusion.odf2.transaction.TransactionModule
        // after imports

        // before odf builder
        def odf = Odf.builder()
            .withInput(__taskInputMap.getWrappedObject())
            .withModules(new com.workfusion.odf2.core.webharvest.WebHarvestIntegrationModule(binding))
            .withModules(ServicesModule)
.withModules(RepositoryModule)
.withModules(MonitorModule)
.withModules(TransactionModule)
            // after modules
            .build()

        // after odf builder

        result = odf.runTask(EmailMonitorTask)

        // after runTask

        rows = result.getRows()
        columns = result.getColumns()

        // after all
    ]]&gt;&lt;/script&gt;

    &lt;case&gt;
        &lt;if condition="${result.isPresent()}"&gt;
            &lt;export include-original-data="false"&gt;
                &lt;multi-column list="${rows}" split-results="${rows.size() &gt; 1}"&gt;
                    &lt;loop item="columnName"&gt;
                        &lt;list&gt;
                            &lt;script return="columns"/&gt;
                        &lt;/list&gt;
                        &lt;body&gt;
                            &lt;put-to-column-getter name="${columnName}" property="${columnName}"/&gt;
                        &lt;/body&gt;
                    &lt;/loop&gt;
                &lt;/multi-column&gt;
            &lt;/export&gt;
        &lt;/if&gt;
    &lt;/case&gt;
&lt;/config&gt;</content>
                                                <name>Blank</name>
                                                <origination>CREATED_MANUALLY</origination>
                                                <status>ACTIVE</status>
                                                <type>BASE_MACHINE</type>
                                                <uuid>8f04bd99-7f51-4796-a528-d1a7c9ccfbc4</uuid>
                                                <version>
                                                    <lastModified>2025-07-15T13:52:26.682424447Z</lastModified>
                                                    <componentUuid>8f04bd99-7f51-4796-a528-d1a7c9ccfbc4</componentUuid>
                                                    <incrementalVersion>1.0</incrementalVersion>
                                                    <lastInChain>false</lastInChain>
                                                    <versionUuid>a32ace59-8481-48e2-ad01-fe93fe8addb9</versionUuid>
                                                </version>
                                            </template>
                                            <uuid>859702d9-f744-4411-ac07-e68704cf8144</uuid>
                                            <version>
                                                <lastModified>2025-07-15T13:52:26.682424447Z</lastModified>
                                                <componentUuid>a11e4dde-bd47-4fac-a1fa-98e706fc71b6</componentUuid>
                                                <incrementalVersion>1.4</incrementalVersion>
                                                <lastInChain>true</lastInChain>
                                                <versionUuid>a32ace59-8481-48e2-ad01-fe93fe8addb9</versionUuid>
                                            </version>
                                        </machineConfig>
                                        <moderation>false</moderation>
                                        <origination>CREATED_AUTOMATICALLY</origination>
                                        <requiresData>true</requiresData>
                                        <status>ACTIVE</status>
                                        <streamComplexRunThreshold>1</streamComplexRunThreshold>
                                        <streamTimeInterval>Immediately</streamTimeInterval>
                                        <streamTimeIntervalValue>0</streamTimeIntervalValue>
                                        <streamValueType>Tasks</streamValueType>
                                        <title>odf2-example-project-bcb v10.3.0.57 (email-monitor)</title>
                                        <type>SINGLE</type>
                                        <uuid>14089341-0848-44d4-97e9-619f07545910</uuid>
                                        <validWorkflow>false</validWorkflow>
                                        <version>
                                            <lastModified>2025-07-15T13:52:26.682424447Z</lastModified>
                                            <componentUuid>7daf8476-75f9-466a-8a0a-3e38d0c89981</componentUuid>
                                            <incrementalVersion>1.0</incrementalVersion>
                                            <lastInChain>true</lastInChain>
                                            <versionUuid>a32ace59-8481-48e2-ad01-fe93fe8addb9</versionUuid>
                                        </version>
                                        <workSettingBase>false</workSettingBase>
                                    </campaign>
                                    <deleted>false</deleted>
                                    <lastModifiedAudit>
                                        <lastModified>2021-12-15T09:34:30.347Z</lastModified>
                                    </lastModifiedAudit>
                                    <skipForSTPCalculation>false</skipForSTPCalculation>
                                    <stepIndex>1</stepIndex>
                                    <stepPosition>START</stepPosition>
                                    <streamed>false</streamed>
                                    <uuid>3d979e5c-89a9-4293-adf5-29d0762b9c81</uuid>
                                </campaignMap>
                                <campaignMap>
                                    <activateTracking>false</activateTracking>
                                    <blockSize>1</blockSize>
                                    <businessRule>
                                        <content>#RuleContext.APPROVE_ALL_RULE</content>
                                        <name>Approve All</name>
                                        <ruleType>WORKFLOW_RULE</ruleType>
                                        <ruleTypeUI>Composite</ruleTypeUI>
                                        <uuid>a24c96c6-f9fd-43ac-9142-6a7f27018a35</uuid>
                                        <workflowRuleMode>SIMPLE</workflowRuleMode>
                                    </businessRule>
                                    <campaign>
                                        <active>true</active>
                                        <businessRules/>
                                        <campaignMaps/>
                                        <campaigns/>
                                        <createNewTrainingSet>false</createNewTrainingSet>
                                        <executingType>MACHINE</executingType>
                                        <goldBucketBlockSize>0</goldBucketBlockSize>
                                        <goldRatio>0</goldRatio>
                                        <goldSource>Empty</goldSource>
                                        <goldType>Percentage</goldType>
                                        <includeOriginalData>false</includeOriginalData>
                                        <machineConfig>
                                            <answers/>
                                            <content>&lt;?xml version="1.0" encoding="UTF-8"?&gt;
&lt;config xmlns="http://web-harvest.sourceforge.net/schema/1.0/config" scriptlang="groovy" java-version="21"&gt;

    
    

    &lt;script&gt;&lt;![CDATA[
        import com.workfusion.odf2.core.Odf
        import com.workfusion.odf2.multiprocess.task.intake.FinalizeIntakeTask
        import com.workfusion.odf2.transaction.TransactionModule
        // after imports

        // before odf builder
        def odf = Odf.builder()
            .withInput(__taskInputMap.getWrappedObject())
            .withModules(new com.workfusion.odf2.core.webharvest.WebHarvestIntegrationModule(binding))
            .withModules(TransactionModule)
            // after modules
            .build()

        // after odf builder

        result = odf.runTask(FinalizeIntakeTask)

        // after runTask

        rows = result.getRows()
        columns = result.getColumns()

        // after all
    ]]&gt;&lt;/script&gt;

    &lt;case&gt;
        &lt;if condition="${result.isPresent()}"&gt;
            &lt;export include-original-data="false"&gt;
                &lt;multi-column list="${rows}" split-results="${rows.size() &gt; 1}"&gt;
                    &lt;loop item="columnName"&gt;
                        &lt;list&gt;
                            &lt;script return="columns"/&gt;
                        &lt;/list&gt;
                        &lt;body&gt;
                            &lt;put-to-column-getter name="${columnName}" property="${columnName}"/&gt;
                        &lt;/body&gt;
                    &lt;/loop&gt;
                &lt;/multi-column&gt;
            &lt;/export&gt;
        &lt;/if&gt;
    &lt;/case&gt;
&lt;/config&gt;</content>
                                            <gavc>com.workfusion.odf2.example:odf2-example-project-bcb:10.3.0.57:main:finalize-intake</gavc>
                                            <includedConfigs/>
                                            <inclusionCode>84f69783-49d2-4e46-9f44-320bb501b4fc</inclusionCode>
                                            <machineWorkSetting>
                                                <category>
                                                    <automation>false</automation>
                                                    <description/>
                                                    <enabled>true</enabled>
                                                    <executingType>MACHINE</executingType>
                                                    <name>Other</name>
                                                    <private>false</private>
                                                    <publicId>dd92f240-144b-4fef-8476-4ec0acbc1105</publicId>
                                                </category>
                                                <contentType>BLANK</contentType>
                                                <description/>
                                                <enabled>true</enabled>
                                                <name>Miscellaneous Tasks</name>
                                                <publicId>26e6e095-00bb-43fa-8c34-af0b18e71ac9</publicId>
                                                <version>
                                                    <lastModified>2025-07-15T13:52:26.682424447Z</lastModified>
                                                    <componentUuid>26e6e095-00bb-43fa-8c34-af0b18e71ac9</componentUuid>
                                                    <incrementalVersion>1.0</incrementalVersion>
                                                    <lastInChain>true</lastInChain>
                                                    <versionUuid>b4b8f70f-7dc6-4e1a-879d-3047f4a954cf</versionUuid>
                                                </version>
                                                <answers/>
                                                <machineWorkSettingType>BASIC</machineWorkSettingType>
                                                <template>
                                                    <content>&lt;?xml version="1.0" encoding="UTF-8"?&gt;
&lt;config xmlns="http://web-harvest.sourceforge.net/schema/1.0/config" scriptlang="groovy" java-version="21"&gt;

    
    

    &lt;script&gt;&lt;![CDATA[
        import com.workfusion.odf2.core.Odf
        import com.workfusion.odf2.multiprocess.task.intake.FinalizeIntakeTask
        import com.workfusion.odf2.transaction.TransactionModule
        // after imports

        // before odf builder
        def odf = Odf.builder()
            .withInput(__taskInputMap.getWrappedObject())
            .withModules(new com.workfusion.odf2.core.webharvest.WebHarvestIntegrationModule(binding))
            .withModules(TransactionModule)
            // after modules
            .build()

        // after odf builder

        result = odf.runTask(FinalizeIntakeTask)

        // after runTask

        rows = result.getRows()
        columns = result.getColumns()

        // after all
    ]]&gt;&lt;/script&gt;

    &lt;case&gt;
        &lt;if condition="${result.isPresent()}"&gt;
            &lt;export include-original-data="false"&gt;
                &lt;multi-column list="${rows}" split-results="${rows.size() &gt; 1}"&gt;
                    &lt;loop item="columnName"&gt;
                        &lt;list&gt;
                            &lt;script return="columns"/&gt;
                        &lt;/list&gt;
                        &lt;body&gt;
                            &lt;put-to-column-getter name="${columnName}" property="${columnName}"/&gt;
                        &lt;/body&gt;
                    &lt;/loop&gt;
                &lt;/multi-column&gt;
            &lt;/export&gt;
        &lt;/if&gt;
    &lt;/case&gt;
&lt;/config&gt;</content>
                                                    <name>Blank</name>
                                                    <origination>CREATED_MANUALLY</origination>
                                                    <status>ACTIVE</status>
                                                    <type>BASE_MACHINE</type>
                                                    <uuid>8f04bd99-7f51-4796-a528-d1a7c9ccfbc4</uuid>
                                                    <version>
                                                        <lastModified>2025-07-15T13:52:26.682424447Z</lastModified>
                                                        <componentUuid>8f04bd99-7f51-4796-a528-d1a7c9ccfbc4</componentUuid>
                                                        <incrementalVersion>1.0</incrementalVersion>
                                                        <lastInChain>false</lastInChain>
                                                        <versionUuid>b4b8f70f-7dc6-4e1a-879d-3047f4a954cf</versionUuid>
                                                    </version>
                                                </template>
                                            </machineWorkSetting>
                                            <machineWorkSettingType>BASIC</machineWorkSettingType>
                                            <name>odf2-example-project-bcb v10.3.0.57 (finalize-intake)</name>
                                            <machineConfigOptions/>
                                            <sourceType>BUNDLE</sourceType>
                                            <template>
                                                <content>&lt;?xml version="1.0" encoding="UTF-8"?&gt;
&lt;config xmlns="http://web-harvest.sourceforge.net/schema/1.0/config" scriptlang="groovy" java-version="21"&gt;

    
    

    &lt;script&gt;&lt;![CDATA[
        import com.workfusion.odf2.core.Odf
        import com.workfusion.odf2.multiprocess.task.intake.FinalizeIntakeTask
        import com.workfusion.odf2.transaction.TransactionModule
        // after imports

        // before odf builder
        def odf = Odf.builder()
            .withInput(__taskInputMap.getWrappedObject())
            .withModules(new com.workfusion.odf2.core.webharvest.WebHarvestIntegrationModule(binding))
            .withModules(TransactionModule)
            // after modules
            .build()

        // after odf builder

        result = odf.runTask(FinalizeIntakeTask)

        // after runTask

        rows = result.getRows()
        columns = result.getColumns()

        // after all
    ]]&gt;&lt;/script&gt;

    &lt;case&gt;
        &lt;if condition="${result.isPresent()}"&gt;
            &lt;export include-original-data="false"&gt;
                &lt;multi-column list="${rows}" split-results="${rows.size() &gt; 1}"&gt;
                    &lt;loop item="columnName"&gt;
                        &lt;list&gt;
                            &lt;script return="columns"/&gt;
                        &lt;/list&gt;
                        &lt;body&gt;
                            &lt;put-to-column-getter name="${columnName}" property="${columnName}"/&gt;
                        &lt;/body&gt;
                    &lt;/loop&gt;
                &lt;/multi-column&gt;
            &lt;/export&gt;
        &lt;/if&gt;
    &lt;/case&gt;
&lt;/config&gt;</content>
                                                <name>Blank</name>
                                                <origination>CREATED_MANUALLY</origination>
                                                <status>ACTIVE</status>
                                                <type>BASE_MACHINE</type>
                                                <uuid>8f04bd99-7f51-4796-a528-d1a7c9ccfbc4</uuid>
                                                <version>
                                                    <lastModified>2025-07-15T13:52:26.682424447Z</lastModified>
                                                    <componentUuid>8f04bd99-7f51-4796-a528-d1a7c9ccfbc4</componentUuid>
                                                    <incrementalVersion>1.0</incrementalVersion>
                                                    <lastInChain>false</lastInChain>
                                                    <versionUuid>b4b8f70f-7dc6-4e1a-879d-3047f4a954cf</versionUuid>
                                                </version>
                                            </template>
                                            <uuid>88166b97-1058-430a-9092-3464b1d6211b</uuid>
                                            <version>
                                                <lastModified>2025-07-15T13:52:26.682424447Z</lastModified>
                                                <componentUuid>19b26ee8-9879-42b6-b5c7-fd243e3290c3</componentUuid>
                                                <incrementalVersion>1.5</incrementalVersion>
                                                <lastInChain>true</lastInChain>
                                                <versionUuid>b4b8f70f-7dc6-4e1a-879d-3047f4a954cf</versionUuid>
                                            </version>
                                        </machineConfig>
                                        <moderation>false</moderation>
                                        <origination>CREATED_AUTOMATICALLY</origination>
                                        <requiresData>true</requiresData>
                                        <status>ACTIVE</status>
                                        <streamComplexRunThreshold>1</streamComplexRunThreshold>
                                        <streamTimeInterval>Immediately</streamTimeInterval>
                                        <streamTimeIntervalValue>0</streamTimeIntervalValue>
                                        <streamValueType>Tasks</streamValueType>
                                        <title>odf2-example-project-bcb v10.3.0.57 (finalize-intake)</title>
                                        <type>SINGLE</type>
                                        <uuid>424f76fb-d962-41ea-8559-65467c88fd26</uuid>
                                        <validWorkflow>false</validWorkflow>
                                        <version>
                                            <lastModified>2025-07-15T13:52:26.682424447Z</lastModified>
                                            <componentUuid>c89e5790-f4db-4e39-96d3-db45ed91a543</componentUuid>
                                            <incrementalVersion>1.0</incrementalVersion>
                                            <lastInChain>true</lastInChain>
                                            <versionUuid>b4b8f70f-7dc6-4e1a-879d-3047f4a954cf</versionUuid>
                                        </version>
                                        <workSettingBase>false</workSettingBase>
                                    </campaign>
                                    <deleted>false</deleted>
                                    <lastModifiedAudit>
                                        <lastModified>2021-12-15T09:34:30.347Z</lastModified>
                                    </lastModifiedAudit>
                                    <skipForSTPCalculation>false</skipForSTPCalculation>
                                    <stepIndex>2</stepIndex>
                                    <stepPosition>INTERMEDIATE</stepPosition>
                                    <streamed>false</streamed>
                                    <uuid>7b52359a-504b-4baf-8bc5-cc011744f138</uuid>
                                </campaignMap>
                                <campaignMap>
                                    <activateTracking>false</activateTracking>
                                    <blockSize>1</blockSize>
                                    <businessRule>
                                        <content>#RuleContext.APPROVE_ALL_RULE</content>
                                        <name>Approve All</name>
                                        <ruleType>WORKFLOW_RULE</ruleType>
                                        <ruleTypeUI>Composite</ruleTypeUI>
                                        <uuid>5fbe2dbd-b740-4271-8ac0-7c2970609927</uuid>
                                        <workflowRuleMode>SIMPLE</workflowRuleMode>
                                    </businessRule>
                                    <campaign>
                                        <active>true</active>
                                        <businessRules/>
                                        <campaignMaps/>
                                        <campaigns/>
                                        <createNewTrainingSet>false</createNewTrainingSet>
                                        <executingType>MACHINE</executingType>
                                        <goldBucketBlockSize>0</goldBucketBlockSize>
                                        <goldRatio>0</goldRatio>
                                        <goldSource>Empty</goldSource>
                                        <goldType>Percentage</goldType>
                                        <includeOriginalData>false</includeOriginalData>
                                        <machineConfig>
                                            <answers/>
                                            <content>&lt;?xml version="1.0" encoding="UTF-8"?&gt;
&lt;config xmlns="http://web-harvest.sourceforge.net/schema/1.0/config" scriptlang="groovy" java-version="21"&gt;

    
    

    &lt;script&gt;&lt;![CDATA[
        import com.workfusion.odf2.core.Odf
        import com.workfusion.odf2.example.task.intake.MarkEmailsAsReadTask
        import com.workfusion.odf2.example.module.ServicesModule
        import com.workfusion.odf2.example.module.RepositoryModule
        import com.workfusion.odf2.transaction.TransactionModule
        // after imports

        // before odf builder
        def odf = Odf.builder()
            .withInput(__taskInputMap.getWrappedObject())
            .withModules(new com.workfusion.odf2.core.webharvest.WebHarvestIntegrationModule(binding))
            .withModules(ServicesModule)
.withModules(RepositoryModule)
.withModules(TransactionModule)
            // after modules
            .build()

        // after odf builder

        result = odf.runTask(MarkEmailsAsReadTask)

        // after runTask

        rows = result.getRows()
        columns = result.getColumns()

        // after all
    ]]&gt;&lt;/script&gt;

    &lt;case&gt;
        &lt;if condition="${result.isPresent()}"&gt;
            &lt;export include-original-data="false"&gt;
                &lt;multi-column list="${rows}" split-results="${rows.size() &gt; 1}"&gt;
                    &lt;loop item="columnName"&gt;
                        &lt;list&gt;
                            &lt;script return="columns"/&gt;
                        &lt;/list&gt;
                        &lt;body&gt;
                            &lt;put-to-column-getter name="${columnName}" property="${columnName}"/&gt;
                        &lt;/body&gt;
                    &lt;/loop&gt;
                &lt;/multi-column&gt;
            &lt;/export&gt;
        &lt;/if&gt;
    &lt;/case&gt;
&lt;/config&gt;</content>
                                            <gavc>com.workfusion.odf2.example:odf2-example-project-bcb:10.3.0.57:main:mark-emails-as-read</gavc>
                                            <includedConfigs/>
                                            <inclusionCode>4982ce3d-1830-428a-9078-9df39ad8e4be</inclusionCode>
                                            <machineWorkSetting>
                                                <category>
                                                    <automation>false</automation>
                                                    <description/>
                                                    <enabled>true</enabled>
                                                    <executingType>MACHINE</executingType>
                                                    <name>Other</name>
                                                    <private>false</private>
                                                    <publicId>dd92f240-144b-4fef-8476-4ec0acbc1105</publicId>
                                                </category>
                                                <contentType>BLANK</contentType>
                                                <description/>
                                                <enabled>true</enabled>
                                                <name>Miscellaneous Tasks</name>
                                                <publicId>26e6e095-00bb-43fa-8c34-af0b18e71ac9</publicId>
                                                <version>
                                                    <lastModified>2025-07-15T13:52:26.682424447Z</lastModified>
                                                    <componentUuid>26e6e095-00bb-43fa-8c34-af0b18e71ac9</componentUuid>
                                                    <incrementalVersion>1.0</incrementalVersion>
                                                    <lastInChain>true</lastInChain>
                                                    <versionUuid>5d66b847-8bac-483f-9165-cb7a39ddad47</versionUuid>
                                                </version>
                                                <answers/>
                                                <machineWorkSettingType>BASIC</machineWorkSettingType>
                                                <template>
                                                    <content>&lt;?xml version="1.0" encoding="UTF-8"?&gt;
&lt;config xmlns="http://web-harvest.sourceforge.net/schema/1.0/config" scriptlang="groovy" java-version="21"&gt;

    
    

    &lt;script&gt;&lt;![CDATA[
        import com.workfusion.odf2.core.Odf
        import com.workfusion.odf2.example.task.intake.MarkEmailsAsReadTask
        import com.workfusion.odf2.example.module.ServicesModule
        import com.workfusion.odf2.example.module.RepositoryModule
        import com.workfusion.odf2.transaction.TransactionModule
        // after imports

        // before odf builder
        def odf = Odf.builder()
            .withInput(__taskInputMap.getWrappedObject())
            .withModules(new com.workfusion.odf2.core.webharvest.WebHarvestIntegrationModule(binding))
            .withModules(ServicesModule)
.withModules(RepositoryModule)
.withModules(TransactionModule)
            // after modules
            .build()

        // after odf builder

        result = odf.runTask(MarkEmailsAsReadTask)

        // after runTask

        rows = result.getRows()
        columns = result.getColumns()

        // after all
    ]]&gt;&lt;/script&gt;

    &lt;case&gt;
        &lt;if condition="${result.isPresent()}"&gt;
            &lt;export include-original-data="false"&gt;
                &lt;multi-column list="${rows}" split-results="${rows.size() &gt; 1}"&gt;
                    &lt;loop item="columnName"&gt;
                        &lt;list&gt;
                            &lt;script return="columns"/&gt;
                        &lt;/list&gt;
                        &lt;body&gt;
                            &lt;put-to-column-getter name="${columnName}" property="${columnName}"/&gt;
                        &lt;/body&gt;
                    &lt;/loop&gt;
                &lt;/multi-column&gt;
            &lt;/export&gt;
        &lt;/if&gt;
    &lt;/case&gt;
&lt;/config&gt;</content>
                                                    <name>Blank</name>
                                                    <origination>CREATED_MANUALLY</origination>
                                                    <status>ACTIVE</status>
                                                    <type>BASE_MACHINE</type>
                                                    <uuid>8f04bd99-7f51-4796-a528-d1a7c9ccfbc4</uuid>
                                                    <version>
                                                        <lastModified>2025-07-15T13:52:26.682424447Z</lastModified>
                                                        <componentUuid>8f04bd99-7f51-4796-a528-d1a7c9ccfbc4</componentUuid>
                                                        <incrementalVersion>1.0</incrementalVersion>
                                                        <lastInChain>false</lastInChain>
                                                        <versionUuid>5d66b847-8bac-483f-9165-cb7a39ddad47</versionUuid>
                                                    </version>
                                                </template>
                                            </machineWorkSetting>
                                            <machineWorkSettingType>BASIC</machineWorkSettingType>
                                            <name>odf2-example-project-bcb v10.3.0.57 (mark-emails-as-read)</name>
                                            <machineConfigOptions/>
                                            <sourceType>BUNDLE</sourceType>
                                            <template>
                                                <content>&lt;?xml version="1.0" encoding="UTF-8"?&gt;
&lt;config xmlns="http://web-harvest.sourceforge.net/schema/1.0/config" scriptlang="groovy" java-version="21"&gt;

    
    

    &lt;script&gt;&lt;![CDATA[
        import com.workfusion.odf2.core.Odf
        import com.workfusion.odf2.example.task.intake.MarkEmailsAsReadTask
        import com.workfusion.odf2.example.module.ServicesModule
        import com.workfusion.odf2.example.module.RepositoryModule
        import com.workfusion.odf2.transaction.TransactionModule
        // after imports

        // before odf builder
        def odf = Odf.builder()
            .withInput(__taskInputMap.getWrappedObject())
            .withModules(new com.workfusion.odf2.core.webharvest.WebHarvestIntegrationModule(binding))
            .withModules(ServicesModule)
.withModules(RepositoryModule)
.withModules(TransactionModule)
            // after modules
            .build()

        // after odf builder

        result = odf.runTask(MarkEmailsAsReadTask)

        // after runTask

        rows = result.getRows()
        columns = result.getColumns()

        // after all
    ]]&gt;&lt;/script&gt;

    &lt;case&gt;
        &lt;if condition="${result.isPresent()}"&gt;
            &lt;export include-original-data="false"&gt;
                &lt;multi-column list="${rows}" split-results="${rows.size() &gt; 1}"&gt;
                    &lt;loop item="columnName"&gt;
                        &lt;list&gt;
                            &lt;script return="columns"/&gt;
                        &lt;/list&gt;
                        &lt;body&gt;
                            &lt;put-to-column-getter name="${columnName}" property="${columnName}"/&gt;
                        &lt;/body&gt;
                    &lt;/loop&gt;
                &lt;/multi-column&gt;
            &lt;/export&gt;
        &lt;/if&gt;
    &lt;/case&gt;
&lt;/config&gt;</content>
                                                <name>Blank</name>
                                                <origination>CREATED_MANUALLY</origination>
                                                <status>ACTIVE</status>
                                                <type>BASE_MACHINE</type>
                                                <uuid>8f04bd99-7f51-4796-a528-d1a7c9ccfbc4</uuid>
                                                <version>
                                                    <lastModified>2025-07-15T13:52:26.682424447Z</lastModified>
                                                    <componentUuid>8f04bd99-7f51-4796-a528-d1a7c9ccfbc4</componentUuid>
                                                    <incrementalVersion>1.0</incrementalVersion>
                                                    <lastInChain>false</lastInChain>
                                                    <versionUuid>5d66b847-8bac-483f-9165-cb7a39ddad47</versionUuid>
                                                </version>
                                            </template>
                                            <uuid>32965729-1413-4288-b3eb-d70878ac0038</uuid>
                                            <version>
                                                <lastModified>2025-07-15T13:52:26.682424447Z</lastModified>
                                                <componentUuid>da0249a2-c6fe-48d1-8e3a-6d6e2042c04b</componentUuid>
                                                <incrementalVersion>1.6</incrementalVersion>
                                                <lastInChain>true</lastInChain>
                                                <versionUuid>5d66b847-8bac-483f-9165-cb7a39ddad47</versionUuid>
                                            </version>
                                        </machineConfig>
                                        <moderation>false</moderation>
                                        <origination>CREATED_AUTOMATICALLY</origination>
                                        <requiresData>true</requiresData>
                                        <status>ACTIVE</status>
                                        <streamComplexRunThreshold>1</streamComplexRunThreshold>
                                        <streamTimeInterval>Immediately</streamTimeInterval>
                                        <streamTimeIntervalValue>0</streamTimeIntervalValue>
                                        <streamValueType>Tasks</streamValueType>
                                        <title>odf2-example-project-bcb v10.3.0.57 (mark-emails-as-read)</title>
                                        <type>SINGLE</type>
                                        <uuid>794c598b-66e1-405f-a1d6-6cbc86da24db</uuid>
                                        <validWorkflow>false</validWorkflow>
                                        <version>
                                            <lastModified>2025-07-15T13:52:26.682424447Z</lastModified>
                                            <componentUuid>82a26911-b9e6-4462-a756-10b84e8c4032</componentUuid>
                                            <incrementalVersion>1.0</incrementalVersion>
                                            <lastInChain>true</lastInChain>
                                            <versionUuid>5d66b847-8bac-483f-9165-cb7a39ddad47</versionUuid>
                                        </version>
                                        <workSettingBase>false</workSettingBase>
                                    </campaign>
                                    <deleted>false</deleted>
                                    <lastModifiedAudit>
                                        <lastModified>2021-12-15T09:34:30.347Z</lastModified>
                                    </lastModifiedAudit>
                                    <skipForSTPCalculation>false</skipForSTPCalculation>
                                    <stepIndex>3</stepIndex>
                                    <stepPosition>INTERMEDIATE</stepPosition>
                                    <streamed>false</streamed>
                                    <uuid>33ac379f-60a4-4043-ab50-49a723431067</uuid>
                                </campaignMap>
                                <campaignMap>
                                    <activateTracking>false</activateTracking>
                                    <businessRule>
                                        <content>package com.freedomoss.requester;

#list any import classes here.
import com.freedomoss.objective.model.CompositeRuleContext;
import com.freedomoss.objective.model.CompositeRuleDataItemContext;
import com.freedomoss.requester.model.AwsHitQuestionItem;
import com.freedomoss.requester.model.AwsHitQuestionAnswerItem;
import org.slf4j.Logger;
import java.util.Map;
import java.util.Iterator;
import java.util.List;
import java.util.Set;
import java.util.ArrayList;
import com.freedomoss.requester.dto.SubmissionResultDTO;

#declare any global variables here
global CompositeRuleContext source
global Logger log
global Map params



rule "Rule context initialization"
auto-focus true
no-loop
dialect "mvel"
agenda-group "initialization-group"
	when
		$ctx:CompositeRuleContext(initialized == false);
	then
		$ctx.updateWorkingMemory();
		# move to business rules
		$ctx.logExecutedRule(kcontext.getRule().getName());
		kcontext.getKnowledgeRuntime().getAgenda().getAgendaGroup("calculation").setFocus();
end</content>
                                        <name>Business Process: End Rule</name>
                                        <ruleType>WORKFLOW_RULE</ruleType>
                                        <uuid>5a64639c-bd2e-4972-bf0c-4f092519b521</uuid>
                                        <workflowRuleMode>ADVANCED</workflowRuleMode>
                                    </businessRule>
                                    <campaign>
                                        <active>false</active>
                                        <businessRules/>
                                        <campaignMaps/>
                                        <campaigns/>
                                        <createNewTrainingSet>false</createNewTrainingSet>
                                        <executingType>MACHINE</executingType>
                                        <goldBucketBlockSize>0</goldBucketBlockSize>
                                        <goldRatio>0</goldRatio>
                                        <goldSource>Empty</goldSource>
                                        <goldType>Percentage</goldType>
                                        <includeOriginalData>false</includeOriginalData>
                                        <machineConfig>
                                            <answers/>
                                            <content>&lt;?xml version="1.0" encoding="UTF-8"?&gt;
&lt;config charset="UTF-8"&gt;

    &lt;var-def name="exportType"&gt;
        &lt;case&gt;
            &lt;if condition='${sys.isVariableDefined("_sys_export_type")}'&gt;
                &lt;template&gt;${_sys_export_type}&lt;/template&gt;
            &lt;/if&gt;
        &lt;/case&gt;
    &lt;/var-def&gt;

    &lt;var-def name="exportColumns"&gt;
        &lt;case&gt;
            &lt;if condition='${sys.isVariableDefined("_sys_export_columns")}'&gt;
                &lt;template&gt;${_sys_export_columns}&lt;/template&gt;
            &lt;/if&gt;
            &lt;else&gt;&lt;/else&gt;
        &lt;/case&gt;
    &lt;/var-def&gt;

    &lt;var-def name="columnNameCase"&gt;
        &lt;case&gt;
            &lt;if condition='${sys.isVariableDefined("_sys_column_name_case")}'&gt;
                &lt;template&gt;${_sys_column_name_case}&lt;/template&gt;
            &lt;/if&gt;
            &lt;else&gt;keep&lt;/else&gt;
        &lt;/case&gt;
    &lt;/var-def&gt;

    &lt;var-def name="dataOnly"&gt;
        &lt;case&gt;
            &lt;if condition='${sys.isVariableDefined("_sys_data_only")}'&gt;
                &lt;template&gt;${_sys_data_only}&lt;/template&gt;
            &lt;/if&gt;
            &lt;else&gt;true&lt;/else&gt;
        &lt;/case&gt;
    &lt;/var-def&gt;

    &lt;var-def name="datastoreName"&gt;
        &lt;script return="item.getWrappedObject().getRun().getDatastoreName()" /&gt;
    &lt;/var-def&gt;
    &lt;case&gt;
        &lt;if condition="${!datastoreName.isEmpty()}"&gt;
            &lt;insert-datastore   datastore-name="${datastoreName}" create="true"&gt;
                &lt;script return="hit_submission_data_item.getWrappedObject().getItemValueMap()"/&gt;
            &lt;/insert-datastore&gt;
        &lt;/if&gt;
    &lt;/case&gt;

    &lt;export include-original-data="true"
            export-type="${exportType}"
            export-columns="${exportColumns}"
            column-name-case="${columnNameCase}"
            &gt;
    &lt;/export&gt;
&lt;/config&gt;</content>
                                            <description>Default machine campaign for end step.</description>
                                            <includedConfigs/>
                                            <inclusionCode>21b407e9-7abf-4056-b41b-d788eb3521ae</inclusionCode>
                                            <machineWorkSetting>
                                                <category>
                                                    <automation>false</automation>
                                                    <description/>
                                                    <enabled>true</enabled>
                                                    <executingType>MACHINE</executingType>
                                                    <name>Other</name>
                                                    <private>false</private>
                                                    <publicId>dd92f240-144b-4fef-8476-4ec0acbc1105</publicId>
                                                </category>
                                                <contentType>BLANK</contentType>
                                                <description/>
                                                <enabled>true</enabled>
                                                <name>Miscellaneous Tasks</name>
                                                <publicId>26e6e095-00bb-43fa-8c34-af0b18e71ac9</publicId>
                                                <version>
                                                    <lastModified>2025-07-15T13:52:26.682424447Z</lastModified>
                                                    <componentUuid>26e6e095-00bb-43fa-8c34-af0b18e71ac9</componentUuid>
                                                    <incrementalVersion>1.0</incrementalVersion>
                                                    <lastInChain>true</lastInChain>
                                                    <versionUuid>c483b112-6c4c-4914-8b76-da567483dbe6</versionUuid>
                                                </version>
                                                <answers/>
                                                <machineWorkSettingType>BASIC</machineWorkSettingType>
                                                <template>
                                                    <content>&lt;?xml version="1.0" encoding="UTF-8"?&gt;
&lt;config charset="UTF-8"&gt;
	&lt;export include-original-data="true"&gt;
	&lt;/export&gt;
&lt;/config&gt;</content>
                                                    <name>Blank</name>
                                                    <origination>CREATED_MANUALLY</origination>
                                                    <status>ACTIVE</status>
                                                    <type>BASE_MACHINE</type>
                                                    <uuid>8f04bd99-7f51-4796-a528-d1a7c9ccfbc4</uuid>
                                                    <version>
                                                        <lastModified>2025-07-15T13:52:26.682424447Z</lastModified>
                                                        <componentUuid>8f04bd99-7f51-4796-a528-d1a7c9ccfbc4</componentUuid>
                                                        <incrementalVersion>1.0</incrementalVersion>
                                                        <lastInChain>false</lastInChain>
                                                        <versionUuid>25aaab17-d17e-4834-a909-237ca102e0e3</versionUuid>
                                                    </version>
                                                </template>
                                            </machineWorkSetting>
                                            <name>Final Results</name>
                                            <machineConfigOptions/>
                                            <sourceType>MANUAL</sourceType>
                                            <template>
                                                <content>&lt;?xml version="1.0" encoding="UTF-8"?&gt;
&lt;config charset="UTF-8"&gt;
	&lt;export include-original-data="true"&gt;
	&lt;/export&gt;
&lt;/config&gt;</content>
                                                <name>Blank</name>
                                                <origination>CREATED_MANUALLY</origination>
                                                <status>ACTIVE</status>
                                                <type>BASE_MACHINE</type>
                                                <uuid>8f04bd99-7f51-4796-a528-d1a7c9ccfbc4</uuid>
                                                <version>
                                                    <lastModified>2025-07-15T13:52:26.682424447Z</lastModified>
                                                    <componentUuid>8f04bd99-7f51-4796-a528-d1a7c9ccfbc4</componentUuid>
                                                    <incrementalVersion>1.0</incrementalVersion>
                                                    <lastInChain>false</lastInChain>
                                                    <versionUuid>3f0c79ae-beee-4ff6-bdc5-657aad920faa</versionUuid>
                                                </version>
                                            </template>
                                            <uuid>d454c734-7a5c-4da7-a30c-a814998414f3</uuid>
                                            <version>
                                                <lastModified>2025-07-15T13:52:26.682424447Z</lastModified>
                                                <componentUuid>9e5000e3-c243-42d3-b5ad-c6ac90dec35e</componentUuid>
                                                <incrementalVersion>1.0</incrementalVersion>
                                                <lastInChain>true</lastInChain>
                                                <versionUuid>a9e1b577-1bc2-4e40-8a1b-8bf876522160</versionUuid>
                                            </version>
                                        </machineConfig>
                                        <moderation>false</moderation>
                                        <origination>CREATED_AUTOMATICALLY</origination>
                                        <requiresData>true</requiresData>
                                        <status>ACTIVE</status>
                                        <streamComplexRunThreshold>100</streamComplexRunThreshold>
                                        <streamTimeInterval>Immediately</streamTimeInterval>
                                        <streamTimeIntervalValue>0</streamTimeIntervalValue>
                                        <streamValueType>Percents</streamValueType>
                                        <title>Final Results</title>
                                        <type>SINGLE</type>
                                        <uuid>9cbf0158-5d03-4c2a-857a-0f0397265e1c</uuid>
                                        <validWorkflow>false</validWorkflow>
                                        <version>
                                            <lastModified>2025-07-15T13:52:26.682424447Z</lastModified>
                                            <componentUuid>9f6a0dc2-8693-11e7-be4e-06d2c080f20b</componentUuid>
                                            <incrementalVersion>1.0</incrementalVersion>
                                            <lastInChain>false</lastInChain>
                                            <versionUuid>aa3d76df-1f41-40c9-88d3-898b9ea18bf3</versionUuid>
                                        </version>
                                        <workSettingBase>false</workSettingBase>
                                    </campaign>
                                    <deleted>false</deleted>
                                    <lastModifiedAudit>
                                        <lastModified>2021-12-15T09:34:30.347Z</lastModified>
                                    </lastModifiedAudit>
                                    <skipForSTPCalculation>false</skipForSTPCalculation>
                                    <stepIndex>4</stepIndex>
                                    <stepPosition>END</stepPosition>
                                    <streamed>false</streamed>
                                    <uuid>a5fffbc9-6623-4056-bb44-0b8b7645565c</uuid>
                                </campaignMap>
                            </campaignMaps>
                            <campaigns/>
                            <compositeCampaignVersion>NEW_WORKFLOW</compositeCampaignVersion>
                            <compositeStructureXml>&lt;?xml version="1.0" encoding="UTF-8" standalone="no"?&gt;&lt;mxGraphModel&gt;&lt;root&gt;&lt;mxCell id="0"/&gt;&lt;mxCell id="1" parent="0"/&gt;&lt;Start id="2" name="Start" type="start"&gt;&lt;mxCell parent="1" style="start" vertex="1"&gt;&lt;mxGeometry as="geometry" height="32.0" width="32.0" x="190.0" y="120.0"/&gt;&lt;/mxCell&gt;&lt;/Start&gt;&lt;MachineTask campaignMapUUID="3d979e5c-89a9-4293-adf5-29d0762b9c81" id="3" name="odf2-example-project-bcb v10.3.0.57 (email-monitor)" taskUUID="14089341-0848-44d4-97e9-619f07545910" type="machine_task"&gt;&lt;mxCell parent="1" style="machine_task" vertex="1"&gt;&lt;mxGeometry as="geometry" height="60.0" width="160.0" x="270.0" y="106.0"/&gt;&lt;/mxCell&gt;&lt;/MachineTask&gt;&lt;Link id="4" name="" type="link"&gt;&lt;mxCell edge="1" parent="1" source="2" style="link" target="3"&gt;&lt;mxGeometry as="geometry" relative="1" x="0.5" y="10.0"/&gt;&lt;/mxCell&gt;&lt;/Link&gt;&lt;Rule id="5" name="monitor loop" ruleUUID="aeb34220-8930-4afa-a6a7-576a388cf494" type="rule"&gt;&lt;mxCell parent="1" style="rule" vertex="1"&gt;&lt;mxGeometry as="geometry" height="32.0" width="32.0" x="480.0" y="120.0"/&gt;&lt;/mxCell&gt;&lt;/Rule&gt;&lt;Link id="6" name="" type="link"&gt;&lt;mxCell edge="1" parent="1" source="3" style="link" target="5"&gt;&lt;mxGeometry as="geometry" relative="1" x="0.5" y="10.0"/&gt;&lt;/mxCell&gt;&lt;/Link&gt;&lt;Link conditional="true" id="7" label="loop" name="" outcomeId="loop" ruleUUID="aeb34220-8930-4afa-a6a7-576a388cf494" type="link"&gt;&lt;mxCell edge="1" parent="1" source="5" style="link" target="3"&gt;&lt;mxGeometry as="geometry"&gt;&lt;mxPoint as="targetPoint" x="600.0" y="121.0"/&gt;&lt;Array as="points"&gt;&lt;mxPoint x="496.0" y="60.0"/&gt;&lt;mxPoint x="350.0" y="60.0"/&gt;&lt;/Array&gt;&lt;mxPoint as="offset" x="7.0" y="-73.0"/&gt;&lt;/mxGeometry&gt;&lt;/mxCell&gt;&lt;/Link&gt;&lt;Link conditional="true" id="8" label="processing" name="" outcomeId="processing" ruleUUID="aeb34220-8930-4afa-a6a7-576a388cf494" type="link"&gt;&lt;mxCell edge="1" parent="1" source="5" style="link" target="9"&gt;&lt;mxGeometry as="geometry"&gt;&lt;mxPoint as="targetPoint" x="600.0" y="151.0"/&gt;&lt;Array as="points"/&gt;&lt;/mxGeometry&gt;&lt;/mxCell&gt;&lt;/Link&gt;&lt;MachineTask campaignMapUUID="33ac379f-60a4-4043-ab50-49a723431067" id="9" name="odf2-example-project-bcb v10.3.0.57 (mark-emails-as-read)" taskUUID="794c598b-66e1-405f-a1d6-6cbc86da24db" type="machine_task"&gt;&lt;mxCell parent="1" style="machine_task" vertex="1"&gt;&lt;mxGeometry as="geometry" height="60.0" width="160.0" x="610.0" y="106.0"/&gt;&lt;/mxCell&gt;&lt;/MachineTask&gt;&lt;MachineTask campaignMapUUID="7b52359a-504b-4baf-8bc5-cc011744f138" id="10" name="odf2-example-project-bcb v10.3.0.57 (finalize-intake)" taskUUID="424f76fb-d962-41ea-8559-65467c88fd26" type="machine_task"&gt;&lt;mxCell parent="1" style="machine_task" vertex="1"&gt;&lt;mxGeometry as="geometry" height="60.0" width="160.0" x="830.0" y="106.0"/&gt;&lt;/mxCell&gt;&lt;/MachineTask&gt;&lt;Link id="11" name="" outcome="ApproveAll" outcomeId="ApproveAll" ruleUUID="5fbe2dbd-b740-4271-8ac0-7c2970609927" type="link"&gt;&lt;mxCell edge="1" parent="1" source="9" style="link" target="10"&gt;&lt;mxGeometry as="geometry" relative="1" x="0.5" y="10.0"/&gt;&lt;/mxCell&gt;&lt;/Link&gt;&lt;End campaignMapUUID="a5fffbc9-6623-4056-bb44-0b8b7645565c" id="12" name="Final Results" type="end"&gt;&lt;mxCell parent="1" style="end" vertex="1"&gt;&lt;mxGeometry as="geometry" height="32.0" width="32.0" x="1040.0" y="120.0"/&gt;&lt;/mxCell&gt;&lt;/End&gt;&lt;Link id="13" name="" outcome="ApproveAll" outcomeId="ApproveAll" ruleUUID="a24c96c6-f9fd-43ac-9142-6a7f27018a35" type="link"&gt;&lt;mxCell edge="1" parent="1" source="10" style="link" target="12"&gt;&lt;mxGeometry as="geometry" relative="1" x="0.5" y="10.0"/&gt;&lt;/mxCell&gt;&lt;/Link&gt;&lt;/root&gt;&lt;/mxGraphModel&gt;</compositeStructureXml>
                            <createNewTrainingSet>false</createNewTrainingSet>
                            <description>Business Process description</description>
                            <executingType>COMPOSITE</executingType>
                            <goldBucketBlockSize>0</goldBucketBlockSize>
                            <goldRatio>0</goldRatio>
                            <goldSource>Empty</goldSource>
                            <goldType>Percentage</goldType>
                            <includeOriginalData>false</includeOriginalData>
                            <moderation>false</moderation>
                            <origination>CREATED_AUTOMATICALLY</origination>
                            <requiresData>false</requiresData>
                            <status>ACTIVE</status>
                            <streamComplexRunThreshold>1</streamComplexRunThreshold>
                            <streamTimeInterval>Immediately</streamTimeInterval>
                            <streamTimeIntervalValue>0</streamTimeIntervalValue>
                            <streamValueType>Tasks</streamValueType>
                            <title>[odf2-example-project v10.3.0.57] Data Intake</title>
                            <type>COMPOSITE</type>
                            <uuid>43434f86-41f8-425c-85b0-36e28c45ae74</uuid>
                            <validWorkflow>true</validWorkflow>
                            <version>
                                <lastModified>2021-12-15T09:34:30.347Z</lastModified>
                                <componentUuid>0f6749e4-317b-4fa9-8b55-e89b42010dc1</componentUuid>
                                <incrementalVersion>1.6</incrementalVersion>
                                <lastInChain>true</lastInChain>
                                <versionUuid>a42ad3df-fd1a-408e-96df-8c23d15ef58f</versionUuid>
                            </version>
                            <workSettingBase>false</workSettingBase>
                        </campaign>
                        <description>
                            <automationType>NONE</automationType>
                            <dynamicTaskRenderingDisabled>false</dynamicTaskRenderingDisabled>
                            <goldRun>false</goldRun>
                            <qualificationTraining>false</qualificationTraining>
                            <snapshotType>CSV</snapshotType>
                            <stepDescription>{}</stepDescription>
                            <streamingValue>1</streamingValue>
                            <streamingValueType>Tasks</streamingValueType>
                            <taskParams>{"values":{"NAME":"odf2-example-project-bcb v10.3.0.57 (email-monitor)"}}</taskParams>
                            <uploadResultsType>CREATE</uploadResultsType>
                        </description>
                        <executingType>MACHINE</executingType>
                        <forceComplete>false</forceComplete>
                        <forceCompleteIdleTime>0</forceCompleteIdleTime>
                        <forceCompletePercent>100</forceCompletePercent>
                        <lastModified>2021-12-15T09:36:48.623Z</lastModified>
                        <mixStrategy>
                            <additionalRows>0</additionalRows>
                            <blockSize>1</blockSize>
                            <goldItemSize>0</goldItemSize>
                            <goldPercentage>0</goldPercentage>
                            <goldRatio>true</goldRatio>
                            <mainRows>1</mainRows>
                            <repeated>false</repeated>
                        </mixStrategy>
                        <purged>false</purged>
                        <recordProcessingStatus>COMPLETED</recordProcessingStatus>
                        <recursiveCount>1</recursiveCount>
                        <rootRunUUID>b86c77db-bcb8-461a-b2ff-66bbf9398126</rootRunUUID>
                        <runType>SIMPLE</runType>
                        <tags/>
                        <title>odf2-example-project-bcb v10.3.0.57 (email-monitor)</title>
                        <uuid>b6703160-9b03-461b-80bd-bc6d9635372e</uuid>
                    </run>
                </runs>
                <automationUseCases/>
                <automationInfo/>
            </project>
            <hashCode>7575124896</hashCode>
        </objectContainer>
    </objects>
</objectListWrapper>