<?xml version="1.0" encoding="US-ASCII" standalone="yes"?><objectListWrapper>
    <objects>
        <objectContainer>
            <project>
                <name>[odf2-example-project v10.2.8.55] Data Submission</name>
                <description/>
                <author>workfusion</author>
                <runs>
                    <run>
                        <blockSize>1</blockSize>
                        <campaign>
                            <active>true</active>
                            <businessRules/>
                            <campaignMaps>
                                <campaignMap>
                                    <activateTracking>false</activateTracking>
                                    <blockSize>1</blockSize>
                                    <businessRule>
                                        <content># Rule.Definition={"moderationRule":false,"approveAllRule":false,"splitData":true,"splitRule":false,"splitRuleSuffix":"","joinRule":false,"joinRuleSuffix":"","streamingRule":false,"streamingRuleSuffix":"","namedRule":false,"namedRuleName":""}
package com.freedomoss.requester;

# list any import classes here.
import java.util.Map;
import java.util.ArrayList;
import com.freedomoss.objective.model.CompositeRuleContext;
import com.freedomoss.objective.model.CompositeRuleDataItemContext;
import org.slf4j.Logger;


# declare any global variables here
global CompositeRuleContext source
global Logger log
global Map params

# RuleContext.SPLIT_DATA

rule "Rule context initialization"
auto-focus true
no-loop
agenda-group "initialization-group"
    when
        $ctx:CompositeRuleContext(initialized == false);
    then
        # insert processed facts into memory
        $ctx.updateWorkingMemory();
        # move to business rules
        kcontext.getKnowledgeRuntime().getAgenda().getAgendaGroup("calculation").setFocus();
end

# RuleOutcome.Definition={"outcomeId":"loop","conditional":true,"reworkBySameWorker":false,"assignToSameWorker":false,"anableLogging":false,"sendRejectNotification":false,"assignToAnyWorker":false,"approveRelatedAssignments":false,"rejectRelatedAssignments":false,"renameAutomationAnswerItem":false,"conditions":[{"fieldName":"_sys_repeat","value":"true","operator":"EQ"}],"customConditions":[]}
rule "1. Send records to 'loop' when _sys_repeat EQ 'true'"
agenda-group "calculation"
dialect "mvel"
salience 100
    when
        $ctx:CompositeRuleContext(initialized == true);
        $item:CompositeRuleDataItemContext();
        eval($item.checkValue("_sys_repeat", "EQ", "true"));

    then
        $ctx.sendResultTo("loop", $item);
end

# RuleOutcome.Definition={"outcomeId":"processing","conditional":true,"reworkBySameWorker":false,"assignToSameWorker":false,"anableLogging":false,"sendRejectNotification":false,"assignToAnyWorker":false,"approveRelatedAssignments":false,"rejectRelatedAssignments":false,"renameAutomationAnswerItem":false,"conditions":[{"fieldName":"_sys_repeat","value":"true","operator":"NE"}],"customConditions":[]}
rule "2. Send records to 'processing' when _sys_repeat NE 'true'"
agenda-group "calculation"
dialect "mvel"
salience 100
    when
        $ctx:CompositeRuleContext(initialized == true);
        $item:CompositeRuleDataItemContext();
        eval($item.checkValue("_sys_repeat", "NE", "true"));

    then
        $ctx.sendResultTo("processing", $item);
end



rule "Send unprocessed result to unconditional outcome(s)"
agenda-group "calculation"
dialect "mvel"
salience 80
    when
        $ctx:CompositeRuleContext(initialized == true);
        $item:CompositeRuleDataItemContext();
    then
        $ctx.sendResultToUnconditionalOutcomes($item, true);
end</content>
                                        <name>monitor loop</name>
                                        <ruleType>WORKFLOW_RULE</ruleType>
                                        <ruleTypeUI>Composite</ruleTypeUI>
                                        <uuid>62fed0a1-6b3a-4021-84a8-7e4ad03277de</uuid>
                                        <workflowRuleMode>SIMPLE</workflowRuleMode>
                                    </businessRule>
                                    <campaign>
                                        <active>true</active>
                                        <businessRules/>
                                        <campaignMaps/>
                                        <campaigns/>
                                        <createNewTrainingSet>false</createNewTrainingSet>
                                        <executingType>MACHINE</executingType>
                                        <goldBucketBlockSize>0</goldBucketBlockSize>
                                        <goldRatio>0</goldRatio>
                                        <goldSource>Empty</goldSource>
                                        <goldType>Percentage</goldType>
                                        <includeOriginalData>false</includeOriginalData>
                                        <machineConfig>
                                            <answers/>
                                            <content>&lt;?xml version="1.0" encoding="UTF-8"?&gt;
&lt;config xmlns="http://web-harvest.sourceforge.net/schema/1.0/config" scriptlang="groovy"&gt;

    
    

    &lt;script&gt;&lt;![CDATA[
        import com.workfusion.odf2.core.Odf
        import com.workfusion.odf2.multiprocess.task.submission.SubmissionMonitorTask
        import com.workfusion.odf2.transaction.task.monitor.MonitorModule
        import com.workfusion.odf2.transaction.TransactionModule
        // after imports

        // before odf builder
        def odf = Odf.builder()
            .withInput(__taskInputMap.getWrappedObject())
            .withModules(new com.workfusion.odf2.core.webharvest.WebHarvestIntegrationModule(binding))
            .withModules(MonitorModule)
.withModules(TransactionModule)
            // after modules
            .build()

        // after odf builder

        result = odf.runTask(SubmissionMonitorTask)

        // after runTask

        rows = result.getRows()
        columns = result.getColumns()

        // after all
    ]]&gt;&lt;/script&gt;

    &lt;case&gt;
        &lt;if condition="${result.isPresent()}"&gt;
            &lt;export include-original-data="false"&gt;
                &lt;multi-column list="${rows}" split-results="${rows.size() &gt; 1}"&gt;
                    &lt;loop item="columnName"&gt;
                        &lt;list&gt;
                            &lt;script return="columns"/&gt;
                        &lt;/list&gt;
                        &lt;body&gt;
                            &lt;put-to-column-getter name="${columnName}" property="${columnName}"/&gt;
                        &lt;/body&gt;
                    &lt;/loop&gt;
                &lt;/multi-column&gt;
            &lt;/export&gt;
        &lt;/if&gt;
    &lt;/case&gt;
&lt;/config&gt;</content>
                                            <gavc>com.workfusion.odf2.example:odf2-example-project-bcb:10.2.8.55:main:submission-monitor</gavc>
                                            <includedConfigs/>
                                            <inclusionCode>232474fe-d357-40d5-80e6-2cf97aa584aa</inclusionCode>
                                            <machineWorkSetting>
                                                <category>
                                                    <automation>false</automation>
                                                    <description/>
                                                    <enabled>true</enabled>
                                                    <executingType>MACHINE</executingType>
                                                    <name>Other</name>
                                                    <private>false</private>
                                                    <publicId>dd92f240-144b-4fef-8476-4ec0acbc1105</publicId>
                                                </category>
                                                <contentType>BLANK</contentType>
                                                <description/>
                                                <enabled>true</enabled>
                                                <name>Miscellaneous Tasks</name>
                                                <publicId>26e6e095-00bb-43fa-8c34-af0b18e71ac9</publicId>
                                                <version>
                                                    <lastModified>2024-12-18T09:05:49.204Z</lastModified>
                                                    <componentUuid>26e6e095-00bb-43fa-8c34-af0b18e71ac9</componentUuid>
                                                    <incrementalVersion>1.0</incrementalVersion>
                                                    <lastInChain>true</lastInChain>
                                                    <versionUuid>c41c7e6e-148d-4950-ac81-1a647d7905b4</versionUuid>
                                                </version>
                                                <answers/>
                                                <machineWorkSettingType>BASIC</machineWorkSettingType>
                                                <template>
                                                    <content>&lt;?xml version="1.0" encoding="UTF-8"?&gt;
&lt;config xmlns="http://web-harvest.sourceforge.net/schema/1.0/config" scriptlang="groovy"&gt;

    
    

    &lt;script&gt;&lt;![CDATA[
        import com.workfusion.odf2.core.Odf
        import com.workfusion.odf2.multiprocess.task.submission.SubmissionMonitorTask
        import com.workfusion.odf2.transaction.task.monitor.MonitorModule
        import com.workfusion.odf2.transaction.TransactionModule
        // after imports

        // before odf builder
        def odf = Odf.builder()
            .withInput(__taskInputMap.getWrappedObject())
            .withModules(new com.workfusion.odf2.core.webharvest.WebHarvestIntegrationModule(binding))
            .withModules(MonitorModule)
.withModules(TransactionModule)
            // after modules
            .build()

        // after odf builder

        result = odf.runTask(SubmissionMonitorTask)

        // after runTask

        rows = result.getRows()
        columns = result.getColumns()

        // after all
    ]]&gt;&lt;/script&gt;

    &lt;case&gt;
        &lt;if condition="${result.isPresent()}"&gt;
            &lt;export include-original-data="false"&gt;
                &lt;multi-column list="${rows}" split-results="${rows.size() &gt; 1}"&gt;
                    &lt;loop item="columnName"&gt;
                        &lt;list&gt;
                            &lt;script return="columns"/&gt;
                        &lt;/list&gt;
                        &lt;body&gt;
                            &lt;put-to-column-getter name="${columnName}" property="${columnName}"/&gt;
                        &lt;/body&gt;
                    &lt;/loop&gt;
                &lt;/multi-column&gt;
            &lt;/export&gt;
        &lt;/if&gt;
    &lt;/case&gt;
&lt;/config&gt;</content>
                                                    <name>Blank</name>
                                                    <origination>CREATED_MANUALLY</origination>
                                                    <status>ACTIVE</status>
                                                    <type>BASE_MACHINE</type>
                                                    <uuid>8f04bd99-7f51-4796-a528-d1a7c9ccfbc4</uuid>
                                                    <version>
                                                        <lastModified>2024-12-18T09:05:49.204Z</lastModified>
                                                        <componentUuid>8f04bd99-7f51-4796-a528-d1a7c9ccfbc4</componentUuid>
                                                        <incrementalVersion>1.0</incrementalVersion>
                                                        <lastInChain>false</lastInChain>
                                                        <versionUuid>c41c7e6e-148d-4950-ac81-1a647d7905b4</versionUuid>
                                                    </version>
                                                </template>
                                            </machineWorkSetting>
                                            <machineWorkSettingType>BASIC</machineWorkSettingType>
                                            <name>odf2-example-project-bcb v10.2.8.55 (submission-monitor)</name>
                                            <machineConfigOptions/>
                                            <sourceType>BUNDLE</sourceType>
                                            <template>
                                                <content>&lt;?xml version="1.0" encoding="UTF-8"?&gt;
&lt;config xmlns="http://web-harvest.sourceforge.net/schema/1.0/config" scriptlang="groovy"&gt;

    
    

    &lt;script&gt;&lt;![CDATA[
        import com.workfusion.odf2.core.Odf
        import com.workfusion.odf2.multiprocess.task.submission.SubmissionMonitorTask
        import com.workfusion.odf2.transaction.task.monitor.MonitorModule
        import com.workfusion.odf2.transaction.TransactionModule
        // after imports

        // before odf builder
        def odf = Odf.builder()
            .withInput(__taskInputMap.getWrappedObject())
            .withModules(new com.workfusion.odf2.core.webharvest.WebHarvestIntegrationModule(binding))
            .withModules(MonitorModule)
.withModules(TransactionModule)
            // after modules
            .build()

        // after odf builder

        result = odf.runTask(SubmissionMonitorTask)

        // after runTask

        rows = result.getRows()
        columns = result.getColumns()

        // after all
    ]]&gt;&lt;/script&gt;

    &lt;case&gt;
        &lt;if condition="${result.isPresent()}"&gt;
            &lt;export include-original-data="false"&gt;
                &lt;multi-column list="${rows}" split-results="${rows.size() &gt; 1}"&gt;
                    &lt;loop item="columnName"&gt;
                        &lt;list&gt;
                            &lt;script return="columns"/&gt;
                        &lt;/list&gt;
                        &lt;body&gt;
                            &lt;put-to-column-getter name="${columnName}" property="${columnName}"/&gt;
                        &lt;/body&gt;
                    &lt;/loop&gt;
                &lt;/multi-column&gt;
            &lt;/export&gt;
        &lt;/if&gt;
    &lt;/case&gt;
&lt;/config&gt;</content>
                                                <name>Blank</name>
                                                <origination>CREATED_MANUALLY</origination>
                                                <status>ACTIVE</status>
                                                <type>BASE_MACHINE</type>
                                                <uuid>8f04bd99-7f51-4796-a528-d1a7c9ccfbc4</uuid>
                                                <version>
                                                    <lastModified>2024-12-18T09:05:49.204Z</lastModified>
                                                    <componentUuid>8f04bd99-7f51-4796-a528-d1a7c9ccfbc4</componentUuid>
                                                    <incrementalVersion>1.0</incrementalVersion>
                                                    <lastInChain>false</lastInChain>
                                                    <versionUuid>c41c7e6e-148d-4950-ac81-1a647d7905b4</versionUuid>
                                                </version>
                                            </template>
                                            <uuid>f0d00930-ed98-4101-bc2f-f0527f2fa16d</uuid>
                                            <version>
                                                <lastModified>2024-12-18T09:05:49.204Z</lastModified>
                                                <componentUuid>5f8cbfa7-ca72-4aa1-a4f5-8cb2afaf45f3</componentUuid>
                                                <incrementalVersion>1.6</incrementalVersion>
                                                <lastInChain>true</lastInChain>
                                                <versionUuid>c41c7e6e-148d-4950-ac81-1a647d7905b4</versionUuid>
                                            </version>
                                        </machineConfig>
                                        <moderation>false</moderation>
                                        <origination>CREATED_AUTOMATICALLY</origination>
                                        <requiresData>true</requiresData>
                                        <status>ACTIVE</status>
                                        <streamComplexRunThreshold>1</streamComplexRunThreshold>
                                        <streamTimeInterval>Immediately</streamTimeInterval>
                                        <streamTimeIntervalValue>0</streamTimeIntervalValue>
                                        <streamValueType>Tasks</streamValueType>
                                        <title>odf2-example-project-bcb v10.2.8.55 (submission-monitor)</title>
                                        <type>SINGLE</type>
                                        <uuid>b504b8b3-5914-4e9c-a291-a82b01017bc1</uuid>
                                        <validWorkflow>false</validWorkflow>
                                        <version>
                                            <lastModified>2024-12-18T09:05:49.204Z</lastModified>
                                            <componentUuid>269262e4-ce3d-4d94-a2d7-a36078000842</componentUuid>
                                            <incrementalVersion>1.0</incrementalVersion>
                                            <lastInChain>true</lastInChain>
                                            <versionUuid>c41c7e6e-148d-4950-ac81-1a647d7905b4</versionUuid>
                                        </version>
                                        <workSettingBase>false</workSettingBase>
                                    </campaign>
                                    <deleted>false</deleted>
                                    <lastModifiedAudit>
                                        <lastModified>2021-12-15T09:35:27.103Z</lastModified>
                                    </lastModifiedAudit>
                                    <skipForSTPCalculation>false</skipForSTPCalculation>
                                    <stepIndex>1</stepIndex>
                                    <stepPosition>START</stepPosition>
                                    <streamed>false</streamed>
                                    <uuid>587f695d-2bb4-4a2a-816e-cc4cae2f7f03</uuid>
                                </campaignMap>
                                <campaignMap>
                                    <activateTracking>false</activateTracking>
                                    <blockSize>1</blockSize>
                                    <businessRule>
                                        <content>#RuleContext.APPROVE_ALL_RULE</content>
                                        <name>Approve All</name>
                                        <ruleType>WORKFLOW_RULE</ruleType>
                                        <ruleTypeUI>Composite</ruleTypeUI>
                                        <uuid>f105361d-0ae2-49eb-8337-081ae1b980b6</uuid>
                                        <workflowRuleMode>SIMPLE</workflowRuleMode>
                                    </businessRule>
                                    <campaign>
                                        <active>true</active>
                                        <businessRules/>
                                        <campaignMaps/>
                                        <campaigns/>
                                        <createNewTrainingSet>false</createNewTrainingSet>
                                        <executingType>MACHINE</executingType>
                                        <goldBucketBlockSize>0</goldBucketBlockSize>
                                        <goldRatio>0</goldRatio>
                                        <goldSource>Empty</goldSource>
                                        <goldType>Percentage</goldType>
                                        <includeOriginalData>false</includeOriginalData>
                                        <machineConfig>
                                            <answers/>
                                            <content>&lt;?xml version="1.0" encoding="UTF-8"?&gt;
&lt;config xmlns="http://web-harvest.sourceforge.net/schema/1.0/config" scriptlang="groovy"&gt;

    
    

    &lt;script&gt;&lt;![CDATA[
        import com.workfusion.odf2.core.Odf
        import com.workfusion.odf2.multiprocess.task.submission.FinalizeSubmissionTask
        import com.workfusion.odf2.transaction.TransactionModule
        // after imports

        // before odf builder
        def odf = Odf.builder()
            .withInput(__taskInputMap.getWrappedObject())
            .withModules(new com.workfusion.odf2.core.webharvest.WebHarvestIntegrationModule(binding))
            .withModules(TransactionModule)
            // after modules
            .build()

        // after odf builder

        result = odf.runTask(FinalizeSubmissionTask)

        // after runTask

        rows = result.getRows()
        columns = result.getColumns()

        // after all
    ]]&gt;&lt;/script&gt;

    &lt;case&gt;
        &lt;if condition="${result.isPresent()}"&gt;
            &lt;export include-original-data="false"&gt;
                &lt;multi-column list="${rows}" split-results="${rows.size() &gt; 1}"&gt;
                    &lt;loop item="columnName"&gt;
                        &lt;list&gt;
                            &lt;script return="columns"/&gt;
                        &lt;/list&gt;
                        &lt;body&gt;
                            &lt;put-to-column-getter name="${columnName}" property="${columnName}"/&gt;
                        &lt;/body&gt;
                    &lt;/loop&gt;
                &lt;/multi-column&gt;
            &lt;/export&gt;
        &lt;/if&gt;
    &lt;/case&gt;
&lt;/config&gt;</content>
                                            <gavc>com.workfusion.odf2.example:odf2-example-project-bcb:10.2.8.55:main:finalize-submission</gavc>
                                            <includedConfigs/>
                                            <inclusionCode>5fe7c4a7-ec82-4724-a79e-14c04bd4af82</inclusionCode>
                                            <machineWorkSetting>
                                                <category>
                                                    <automation>false</automation>
                                                    <description/>
                                                    <enabled>true</enabled>
                                                    <executingType>MACHINE</executingType>
                                                    <name>Other</name>
                                                    <private>false</private>
                                                    <publicId>dd92f240-144b-4fef-8476-4ec0acbc1105</publicId>
                                                </category>
                                                <contentType>BLANK</contentType>
                                                <description/>
                                                <enabled>true</enabled>
                                                <name>Miscellaneous Tasks</name>
                                                <publicId>26e6e095-00bb-43fa-8c34-af0b18e71ac9</publicId>
                                                <version>
                                                    <lastModified>2024-12-18T09:05:49.204Z</lastModified>
                                                    <componentUuid>26e6e095-00bb-43fa-8c34-af0b18e71ac9</componentUuid>
                                                    <incrementalVersion>1.0</incrementalVersion>
                                                    <lastInChain>true</lastInChain>
                                                    <versionUuid>34781d1c-06f9-4277-8aa2-5f69d176fbe2</versionUuid>
                                                </version>
                                                <answers/>
                                                <machineWorkSettingType>BASIC</machineWorkSettingType>
                                                <template>
                                                    <content>&lt;?xml version="1.0" encoding="UTF-8"?&gt;
&lt;config xmlns="http://web-harvest.sourceforge.net/schema/1.0/config" scriptlang="groovy"&gt;

    
    

    &lt;script&gt;&lt;![CDATA[
        import com.workfusion.odf2.core.Odf
        import com.workfusion.odf2.multiprocess.task.submission.FinalizeSubmissionTask
        import com.workfusion.odf2.transaction.TransactionModule
        // after imports

        // before odf builder
        def odf = Odf.builder()
            .withInput(__taskInputMap.getWrappedObject())
            .withModules(new com.workfusion.odf2.core.webharvest.WebHarvestIntegrationModule(binding))
            .withModules(TransactionModule)
            // after modules
            .build()

        // after odf builder

        result = odf.runTask(FinalizeSubmissionTask)

        // after runTask

        rows = result.getRows()
        columns = result.getColumns()

        // after all
    ]]&gt;&lt;/script&gt;

    &lt;case&gt;
        &lt;if condition="${result.isPresent()}"&gt;
            &lt;export include-original-data="false"&gt;
                &lt;multi-column list="${rows}" split-results="${rows.size() &gt; 1}"&gt;
                    &lt;loop item="columnName"&gt;
                        &lt;list&gt;
                            &lt;script return="columns"/&gt;
                        &lt;/list&gt;
                        &lt;body&gt;
                            &lt;put-to-column-getter name="${columnName}" property="${columnName}"/&gt;
                        &lt;/body&gt;
                    &lt;/loop&gt;
                &lt;/multi-column&gt;
            &lt;/export&gt;
        &lt;/if&gt;
    &lt;/case&gt;
&lt;/config&gt;</content>
                                                    <name>Blank</name>
                                                    <origination>CREATED_MANUALLY</origination>
                                                    <status>ACTIVE</status>
                                                    <type>BASE_MACHINE</type>
                                                    <uuid>8f04bd99-7f51-4796-a528-d1a7c9ccfbc4</uuid>
                                                    <version>
                                                        <lastModified>2024-12-18T09:05:49.204Z</lastModified>
                                                        <componentUuid>8f04bd99-7f51-4796-a528-d1a7c9ccfbc4</componentUuid>
                                                        <incrementalVersion>1.0</incrementalVersion>
                                                        <lastInChain>false</lastInChain>
                                                        <versionUuid>34781d1c-06f9-4277-8aa2-5f69d176fbe2</versionUuid>
                                                    </version>
                                                </template>
                                            </machineWorkSetting>
                                            <machineWorkSettingType>BASIC</machineWorkSettingType>
                                            <name>odf2-example-project-bcb v10.2.8.55 (finalize-submission)</name>
                                            <machineConfigOptions/>
                                            <sourceType>BUNDLE</sourceType>
                                            <template>
                                                <content>&lt;?xml version="1.0" encoding="UTF-8"?&gt;
&lt;config xmlns="http://web-harvest.sourceforge.net/schema/1.0/config" scriptlang="groovy"&gt;

    
    

    &lt;script&gt;&lt;![CDATA[
        import com.workfusion.odf2.core.Odf
        import com.workfusion.odf2.multiprocess.task.submission.FinalizeSubmissionTask
        import com.workfusion.odf2.transaction.TransactionModule
        // after imports

        // before odf builder
        def odf = Odf.builder()
            .withInput(__taskInputMap.getWrappedObject())
            .withModules(new com.workfusion.odf2.core.webharvest.WebHarvestIntegrationModule(binding))
            .withModules(TransactionModule)
            // after modules
            .build()

        // after odf builder

        result = odf.runTask(FinalizeSubmissionTask)

        // after runTask

        rows = result.getRows()
        columns = result.getColumns()

        // after all
    ]]&gt;&lt;/script&gt;

    &lt;case&gt;
        &lt;if condition="${result.isPresent()}"&gt;
            &lt;export include-original-data="false"&gt;
                &lt;multi-column list="${rows}" split-results="${rows.size() &gt; 1}"&gt;
                    &lt;loop item="columnName"&gt;
                        &lt;list&gt;
                            &lt;script return="columns"/&gt;
                        &lt;/list&gt;
                        &lt;body&gt;
                            &lt;put-to-column-getter name="${columnName}" property="${columnName}"/&gt;
                        &lt;/body&gt;
                    &lt;/loop&gt;
                &lt;/multi-column&gt;
            &lt;/export&gt;
        &lt;/if&gt;
    &lt;/case&gt;
&lt;/config&gt;</content>
                                                <name>Blank</name>
                                                <origination>CREATED_MANUALLY</origination>
                                                <status>ACTIVE</status>
                                                <type>BASE_MACHINE</type>
                                                <uuid>8f04bd99-7f51-4796-a528-d1a7c9ccfbc4</uuid>
                                                <version>
                                                    <lastModified>2024-12-18T09:05:49.204Z</lastModified>
                                                    <componentUuid>8f04bd99-7f51-4796-a528-d1a7c9ccfbc4</componentUuid>
                                                    <incrementalVersion>1.0</incrementalVersion>
                                                    <lastInChain>false</lastInChain>
                                                    <versionUuid>34781d1c-06f9-4277-8aa2-5f69d176fbe2</versionUuid>
                                                </version>
                                            </template>
                                            <uuid>0162e006-031f-483f-b30a-5059e844dd92</uuid>
                                            <version>
                                                <lastModified>2024-12-18T09:05:49.204Z</lastModified>
                                                <componentUuid>075bcbb0-a72b-40a2-b144-58c6f7985046</componentUuid>
                                                <incrementalVersion>1.4</incrementalVersion>
                                                <lastInChain>true</lastInChain>
                                                <versionUuid>34781d1c-06f9-4277-8aa2-5f69d176fbe2</versionUuid>
                                            </version>
                                        </machineConfig>
                                        <moderation>false</moderation>
                                        <origination>CREATED_AUTOMATICALLY</origination>
                                        <requiresData>true</requiresData>
                                        <status>ACTIVE</status>
                                        <streamComplexRunThreshold>1</streamComplexRunThreshold>
                                        <streamTimeInterval>Immediately</streamTimeInterval>
                                        <streamTimeIntervalValue>0</streamTimeIntervalValue>
                                        <streamValueType>Tasks</streamValueType>
                                        <title>odf2-example-project-bcb v10.2.8.55 (finalize-submission)</title>
                                        <type>SINGLE</type>
                                        <uuid>6ea889b0-cb0e-4ab9-a0ce-4f16e12a3db3</uuid>
                                        <validWorkflow>false</validWorkflow>
                                        <version>
                                            <lastModified>2024-12-18T09:05:49.204Z</lastModified>
                                            <componentUuid>9464aacc-032b-45af-9f24-36a7c6b9821f</componentUuid>
                                            <incrementalVersion>1.0</incrementalVersion>
                                            <lastInChain>true</lastInChain>
                                            <versionUuid>34781d1c-06f9-4277-8aa2-5f69d176fbe2</versionUuid>
                                        </version>
                                        <workSettingBase>false</workSettingBase>
                                    </campaign>
                                    <deleted>false</deleted>
                                    <lastModifiedAudit>
                                        <lastModified>2021-12-15T09:35:27.103Z</lastModified>
                                    </lastModifiedAudit>
                                    <skipForSTPCalculation>false</skipForSTPCalculation>
                                    <stepIndex>2</stepIndex>
                                    <stepPosition>INTERMEDIATE</stepPosition>
                                    <streamed>false</streamed>
                                    <uuid>2ffc6c08-3395-4a08-9ac5-913051a72419</uuid>
                                </campaignMap>
                                <campaignMap>
                                    <activateTracking>false</activateTracking>
                                    <blockSize>1</blockSize>
                                    <businessRule>
                                        <content>#RuleContext.APPROVE_ALL_RULE</content>
                                        <name>Approve All</name>
                                        <ruleType>WORKFLOW_RULE</ruleType>
                                        <ruleTypeUI>Composite</ruleTypeUI>
                                        <uuid>73f63a1d-9751-4ad1-a5f7-7ab9097f4d2d</uuid>
                                        <workflowRuleMode>SIMPLE</workflowRuleMode>
                                    </businessRule>
                                    <campaign>
                                        <active>true</active>
                                        <businessRules/>
                                        <campaignMaps/>
                                        <campaigns/>
                                        <createNewTrainingSet>false</createNewTrainingSet>
                                        <executingType>MACHINE</executingType>
                                        <goldBucketBlockSize>0</goldBucketBlockSize>
                                        <goldRatio>0</goldRatio>
                                        <goldSource>Empty</goldSource>
                                        <goldType>Percentage</goldType>
                                        <includeOriginalData>false</includeOriginalData>
                                        <machineConfig>
                                            <answers/>
                                            <content>&lt;?xml version="1.0" encoding="UTF-8"?&gt;
&lt;config xmlns="http://web-harvest.sourceforge.net/schema/1.0/config" scriptlang="groovy"&gt;

    
    &lt;robotics-flow-marker fleet="shared" /&gt;

    &lt;script&gt;&lt;![CDATA[
        import com.workfusion.odf2.core.Odf
        import com.workfusion.odf2.example.task.submission.InvoiceSubmissionTask
        import com.workfusion.odf2.service.ControlTowerServicesModule
        import com.workfusion.odf2.example.module.RepositoryModule
        import com.workfusion.odf2.example.module.RpaModule
        import com.workfusion.odf2.transaction.TransactionModule
        // after imports

        // before odf builder
        def odf = Odf.builder()
            .withInput(__taskInputMap.getWrappedObject())
            .withModules(new com.workfusion.odf2.core.webharvest.WebHarvestIntegrationModule(binding))
            .withModules(ControlTowerServicesModule)
.withModules(RepositoryModule)
.withModules(RpaModule)
.withModules(TransactionModule)
            // after modules
            .build()

        // after odf builder

        result = odf.runTask(InvoiceSubmissionTask)

        // after runTask

        rows = result.getRows()
        columns = result.getColumns()

        // after all
    ]]&gt;&lt;/script&gt;

    &lt;case&gt;
        &lt;if condition="${result.isPresent()}"&gt;
            &lt;export include-original-data="false"&gt;
                &lt;multi-column list="${rows}" split-results="${rows.size() &gt; 1}"&gt;
                    &lt;loop item="columnName"&gt;
                        &lt;list&gt;
                            &lt;script return="columns"/&gt;
                        &lt;/list&gt;
                        &lt;body&gt;
                            &lt;put-to-column-getter name="${columnName}" property="${columnName}"/&gt;
                        &lt;/body&gt;
                    &lt;/loop&gt;
                &lt;/multi-column&gt;
            &lt;/export&gt;
        &lt;/if&gt;
    &lt;/case&gt;
&lt;/config&gt;</content>
                                            <gavc>com.workfusion.odf2.example:odf2-example-project-bcb:10.2.8.55:main:invoice-submission</gavc>
                                            <includedConfigs/>
                                            <inclusionCode>fa1a4301-56fc-43e6-b45f-f3eadec1a744</inclusionCode>
                                            <machineWorkSetting>
                                                <category>
                                                    <automation>false</automation>
                                                    <description/>
                                                    <enabled>true</enabled>
                                                    <executingType>MACHINE</executingType>
                                                    <name>Other</name>
                                                    <private>false</private>
                                                    <publicId>dd92f240-144b-4fef-8476-4ec0acbc1105</publicId>
                                                </category>
                                                <contentType>BLANK</contentType>
                                                <description/>
                                                <enabled>true</enabled>
                                                <name>Miscellaneous Tasks</name>
                                                <publicId>26e6e095-00bb-43fa-8c34-af0b18e71ac9</publicId>
                                                <version>
                                                    <lastModified>2024-12-18T09:05:49.204Z</lastModified>
                                                    <componentUuid>26e6e095-00bb-43fa-8c34-af0b18e71ac9</componentUuid>
                                                    <incrementalVersion>1.0</incrementalVersion>
                                                    <lastInChain>true</lastInChain>
                                                    <versionUuid>0598195a-0d53-4ba0-90bc-d4b33b53608a</versionUuid>
                                                </version>
                                                <answers/>
                                                <machineWorkSettingType>BASIC</machineWorkSettingType>
                                                <template>
                                                    <content>&lt;?xml version="1.0" encoding="UTF-8"?&gt;
&lt;config xmlns="http://web-harvest.sourceforge.net/schema/1.0/config" scriptlang="groovy"&gt;

    
    &lt;robotics-flow-marker fleet="shared" /&gt;

    &lt;script&gt;&lt;![CDATA[
        import com.workfusion.odf2.core.Odf
        import com.workfusion.odf2.example.task.submission.InvoiceSubmissionTask
        import com.workfusion.odf2.service.ControlTowerServicesModule
        import com.workfusion.odf2.example.module.RepositoryModule
        import com.workfusion.odf2.example.module.RpaModule
        import com.workfusion.odf2.transaction.TransactionModule
        // after imports

        // before odf builder
        def odf = Odf.builder()
            .withInput(__taskInputMap.getWrappedObject())
            .withModules(new com.workfusion.odf2.core.webharvest.WebHarvestIntegrationModule(binding))
            .withModules(ControlTowerServicesModule)
.withModules(RepositoryModule)
.withModules(RpaModule)
.withModules(TransactionModule)
            // after modules
            .build()

        // after odf builder

        result = odf.runTask(InvoiceSubmissionTask)

        // after runTask

        rows = result.getRows()
        columns = result.getColumns()

        // after all
    ]]&gt;&lt;/script&gt;

    &lt;case&gt;
        &lt;if condition="${result.isPresent()}"&gt;
            &lt;export include-original-data="false"&gt;
                &lt;multi-column list="${rows}" split-results="${rows.size() &gt; 1}"&gt;
                    &lt;loop item="columnName"&gt;
                        &lt;list&gt;
                            &lt;script return="columns"/&gt;
                        &lt;/list&gt;
                        &lt;body&gt;
                            &lt;put-to-column-getter name="${columnName}" property="${columnName}"/&gt;
                        &lt;/body&gt;
                    &lt;/loop&gt;
                &lt;/multi-column&gt;
            &lt;/export&gt;
        &lt;/if&gt;
    &lt;/case&gt;
&lt;/config&gt;</content>
                                                    <name>Blank</name>
                                                    <origination>CREATED_MANUALLY</origination>
                                                    <status>ACTIVE</status>
                                                    <type>BASE_MACHINE</type>
                                                    <uuid>8f04bd99-7f51-4796-a528-d1a7c9ccfbc4</uuid>
                                                    <version>
                                                        <lastModified>2024-12-18T09:05:49.204Z</lastModified>
                                                        <componentUuid>8f04bd99-7f51-4796-a528-d1a7c9ccfbc4</componentUuid>
                                                        <incrementalVersion>1.0</incrementalVersion>
                                                        <lastInChain>false</lastInChain>
                                                        <versionUuid>0598195a-0d53-4ba0-90bc-d4b33b53608a</versionUuid>
                                                    </version>
                                                </template>
                                            </machineWorkSetting>
                                            <machineWorkSettingType>BASIC</machineWorkSettingType>
                                            <name>odf2-example-project-bcb v10.2.8.55 (invoice-submission)</name>
                                            <machineConfigOptions/>
                                            <sourceType>BUNDLE</sourceType>
                                            <template>
                                                <content>&lt;?xml version="1.0" encoding="UTF-8"?&gt;
&lt;config xmlns="http://web-harvest.sourceforge.net/schema/1.0/config" scriptlang="groovy"&gt;

    
    &lt;robotics-flow-marker fleet="shared" /&gt;

    &lt;script&gt;&lt;![CDATA[
        import com.workfusion.odf2.core.Odf
        import com.workfusion.odf2.example.task.submission.InvoiceSubmissionTask
        import com.workfusion.odf2.service.ControlTowerServicesModule
        import com.workfusion.odf2.example.module.RepositoryModule
        import com.workfusion.odf2.example.module.RpaModule
        import com.workfusion.odf2.transaction.TransactionModule
        // after imports

        // before odf builder
        def odf = Odf.builder()
            .withInput(__taskInputMap.getWrappedObject())
            .withModules(new com.workfusion.odf2.core.webharvest.WebHarvestIntegrationModule(binding))
            .withModules(ControlTowerServicesModule)
.withModules(RepositoryModule)
.withModules(RpaModule)
.withModules(TransactionModule)
            // after modules
            .build()

        // after odf builder

        result = odf.runTask(InvoiceSubmissionTask)

        // after runTask

        rows = result.getRows()
        columns = result.getColumns()

        // after all
    ]]&gt;&lt;/script&gt;

    &lt;case&gt;
        &lt;if condition="${result.isPresent()}"&gt;
            &lt;export include-original-data="false"&gt;
                &lt;multi-column list="${rows}" split-results="${rows.size() &gt; 1}"&gt;
                    &lt;loop item="columnName"&gt;
                        &lt;list&gt;
                            &lt;script return="columns"/&gt;
                        &lt;/list&gt;
                        &lt;body&gt;
                            &lt;put-to-column-getter name="${columnName}" property="${columnName}"/&gt;
                        &lt;/body&gt;
                    &lt;/loop&gt;
                &lt;/multi-column&gt;
            &lt;/export&gt;
        &lt;/if&gt;
    &lt;/case&gt;
&lt;/config&gt;</content>
                                                <name>Blank</name>
                                                <origination>CREATED_MANUALLY</origination>
                                                <status>ACTIVE</status>
                                                <type>BASE_MACHINE</type>
                                                <uuid>8f04bd99-7f51-4796-a528-d1a7c9ccfbc4</uuid>
                                                <version>
                                                    <lastModified>2024-12-18T09:05:49.204Z</lastModified>
                                                    <componentUuid>8f04bd99-7f51-4796-a528-d1a7c9ccfbc4</componentUuid>
                                                    <incrementalVersion>1.0</incrementalVersion>
                                                    <lastInChain>false</lastInChain>
                                                    <versionUuid>0598195a-0d53-4ba0-90bc-d4b33b53608a</versionUuid>
                                                </version>
                                            </template>
                                            <uuid>9aabb2f3-a203-4982-91d9-6166d7496e9c</uuid>
                                            <version>
                                                <lastModified>2024-12-18T09:05:49.204Z</lastModified>
                                                <componentUuid>6bd27711-797e-4125-bd03-ddfe92681e73</componentUuid>
                                                <incrementalVersion>1.5</incrementalVersion>
                                                <lastInChain>true</lastInChain>
                                                <versionUuid>0598195a-0d53-4ba0-90bc-d4b33b53608a</versionUuid>
                                            </version>
                                        </machineConfig>
                                        <moderation>false</moderation>
                                        <origination>CREATED_AUTOMATICALLY</origination>
                                        <requiresData>true</requiresData>
                                        <status>ACTIVE</status>
                                        <streamComplexRunThreshold>1</streamComplexRunThreshold>
                                        <streamTimeInterval>Immediately</streamTimeInterval>
                                        <streamTimeIntervalValue>0</streamTimeIntervalValue>
                                        <streamValueType>Tasks</streamValueType>
                                        <title>odf2-example-project-bcb v10.2.8.55 (invoice-submission)</title>
                                        <type>SINGLE</type>
                                        <uuid>ef66b059-d8a9-4515-bd2f-80cc003b8608</uuid>
                                        <validWorkflow>false</validWorkflow>
                                        <version>
                                            <lastModified>2024-12-18T09:05:49.204Z</lastModified>
                                            <componentUuid>6ee99b8c-dd67-4ba0-acd5-c540609dba9d</componentUuid>
                                            <incrementalVersion>1.0</incrementalVersion>
                                            <lastInChain>true</lastInChain>
                                            <versionUuid>0598195a-0d53-4ba0-90bc-d4b33b53608a</versionUuid>
                                        </version>
                                        <workSettingBase>false</workSettingBase>
                                    </campaign>
                                    <deleted>false</deleted>
                                    <lastModifiedAudit>
                                        <lastModified>2021-12-15T09:35:27.103Z</lastModified>
                                    </lastModifiedAudit>
                                    <skipForSTPCalculation>false</skipForSTPCalculation>
                                    <stepIndex>3</stepIndex>
                                    <stepPosition>INTERMEDIATE</stepPosition>
                                    <streamed>false</streamed>
                                    <uuid>489c66d4-1282-4004-a659-1c6aa807b59d</uuid>
                                </campaignMap>
                                <campaignMap>
                                    <activateTracking>false</activateTracking>
                                    <businessRule>
                                        <content>package com.freedomoss.requester;

#list any import classes here.
import com.freedomoss.objective.model.CompositeRuleContext;
import com.freedomoss.objective.model.CompositeRuleDataItemContext;
import com.freedomoss.requester.model.AwsHitQuestionItem;
import com.freedomoss.requester.model.AwsHitQuestionAnswerItem;
import org.slf4j.Logger;
import java.util.Map;
import java.util.Iterator;
import java.util.List;
import java.util.Set;
import java.util.ArrayList;
import com.freedomoss.requester.dto.SubmissionResultDTO;

#declare any global variables here
global CompositeRuleContext source
global Logger log
global Map params



rule "Rule context initialization"
auto-focus true
no-loop
dialect "mvel"
agenda-group "initialization-group"
	when
		$ctx:CompositeRuleContext(initialized == false);
	then
		$ctx.updateWorkingMemory();
		# move to business rules
		$ctx.logExecutedRule(kcontext.getRule().getName());
		kcontext.getKnowledgeRuntime().getAgenda().getAgendaGroup("calculation").setFocus();
end</content>
                                        <name>Business Process: End Rule</name>
                                        <ruleType>WORKFLOW_RULE</ruleType>
                                        <uuid>45a0bd65-9429-41f6-ac92-3d5bc6e09824</uuid>
                                        <workflowRuleMode>ADVANCED</workflowRuleMode>
                                    </businessRule>
                                    <campaign>
                                        <active>false</active>
                                        <businessRules/>
                                        <campaignMaps/>
                                        <campaigns/>
                                        <createNewTrainingSet>false</createNewTrainingSet>
                                        <executingType>MACHINE</executingType>
                                        <goldBucketBlockSize>0</goldBucketBlockSize>
                                        <goldRatio>0</goldRatio>
                                        <goldSource>Empty</goldSource>
                                        <goldType>Percentage</goldType>
                                        <includeOriginalData>false</includeOriginalData>
                                        <machineConfig>
                                            <answers/>
                                            <content>&lt;?xml version="1.0" encoding="UTF-8"?&gt;
&lt;config charset="UTF-8"&gt;

    &lt;var-def name="exportType"&gt;
        &lt;case&gt;
            &lt;if condition='${sys.isVariableDefined("_sys_export_type")}'&gt;
                &lt;template&gt;${_sys_export_type}&lt;/template&gt;
            &lt;/if&gt;
        &lt;/case&gt;
    &lt;/var-def&gt;

    &lt;var-def name="exportColumns"&gt;
        &lt;case&gt;
            &lt;if condition='${sys.isVariableDefined("_sys_export_columns")}'&gt;
                &lt;template&gt;${_sys_export_columns}&lt;/template&gt;
            &lt;/if&gt;
            &lt;else&gt;&lt;/else&gt;
        &lt;/case&gt;
    &lt;/var-def&gt;

    &lt;var-def name="columnNameCase"&gt;
        &lt;case&gt;
            &lt;if condition='${sys.isVariableDefined("_sys_column_name_case")}'&gt;
                &lt;template&gt;${_sys_column_name_case}&lt;/template&gt;
            &lt;/if&gt;
            &lt;else&gt;keep&lt;/else&gt;
        &lt;/case&gt;
    &lt;/var-def&gt;

    &lt;var-def name="dataOnly"&gt;
        &lt;case&gt;
            &lt;if condition='${sys.isVariableDefined("_sys_data_only")}'&gt;
                &lt;template&gt;${_sys_data_only}&lt;/template&gt;
            &lt;/if&gt;
            &lt;else&gt;true&lt;/else&gt;
        &lt;/case&gt;
    &lt;/var-def&gt;

    &lt;var-def name="datastoreName"&gt;
        &lt;script return="item.getWrappedObject().getRun().getDatastoreName()" /&gt;
    &lt;/var-def&gt;
    &lt;case&gt;
        &lt;if condition="${!datastoreName.isEmpty()}"&gt;
            &lt;insert-datastore   datastore-name="${datastoreName}" create="true"&gt;
                &lt;script return="hit_submission_data_item.getWrappedObject().getItemValueMap()"/&gt;
            &lt;/insert-datastore&gt;
        &lt;/if&gt;
    &lt;/case&gt;

    &lt;export include-original-data="true"
            export-type="${exportType}"
            export-columns="${exportColumns}"
            column-name-case="${columnNameCase}"
            &gt;
    &lt;/export&gt;
&lt;/config&gt;</content>
                                            <description>Default machine campaign for end step.</description>
                                            <includedConfigs/>
                                            <inclusionCode>0746b39c-4643-4730-a2d7-9eac4972b404</inclusionCode>
                                            <machineWorkSetting>
                                                <category>
                                                    <automation>false</automation>
                                                    <description/>
                                                    <enabled>true</enabled>
                                                    <executingType>MACHINE</executingType>
                                                    <name>Other</name>
                                                    <private>false</private>
                                                    <publicId>dd92f240-144b-4fef-8476-4ec0acbc1105</publicId>
                                                </category>
                                                <contentType>BLANK</contentType>
                                                <description/>
                                                <enabled>true</enabled>
                                                <name>Miscellaneous Tasks</name>
                                                <publicId>26e6e095-00bb-43fa-8c34-af0b18e71ac9</publicId>
                                                <version>
                                                    <lastModified>2024-12-18T09:05:49.204Z</lastModified>
                                                    <componentUuid>26e6e095-00bb-43fa-8c34-af0b18e71ac9</componentUuid>
                                                    <incrementalVersion>1.0</incrementalVersion>
                                                    <lastInChain>true</lastInChain>
                                                    <versionUuid>2c542a24-a01f-48d7-b68d-00aefd308802</versionUuid>
                                                </version>
                                                <answers/>
                                                <machineWorkSettingType>BASIC</machineWorkSettingType>
                                                <template>
                                                    <content>&lt;?xml version="1.0" encoding="UTF-8"?&gt;
&lt;config charset="UTF-8"&gt;
	&lt;export include-original-data="true"&gt;
	&lt;/export&gt;
&lt;/config&gt;</content>
                                                    <name>Blank</name>
                                                    <origination>CREATED_MANUALLY</origination>
                                                    <status>ACTIVE</status>
                                                    <type>BASE_MACHINE</type>
                                                    <uuid>8f04bd99-7f51-4796-a528-d1a7c9ccfbc4</uuid>
                                                    <version>
                                                        <lastModified>2024-12-18T09:05:49.204Z</lastModified>
                                                        <componentUuid>8f04bd99-7f51-4796-a528-d1a7c9ccfbc4</componentUuid>
                                                        <incrementalVersion>1.0</incrementalVersion>
                                                        <lastInChain>false</lastInChain>
                                                        <versionUuid>20d3f1a1-adce-4f31-a488-04b23ca049a3</versionUuid>
                                                    </version>
                                                </template>
                                            </machineWorkSetting>
                                            <name>Final Results</name>
                                            <machineConfigOptions/>
                                            <sourceType>MANUAL</sourceType>
                                            <template>
                                                <content>&lt;?xml version="1.0" encoding="UTF-8"?&gt;
&lt;config charset="UTF-8"&gt;
	&lt;export include-original-data="true"&gt;
	&lt;/export&gt;
&lt;/config&gt;</content>
                                                <name>Blank</name>
                                                <origination>CREATED_MANUALLY</origination>
                                                <status>ACTIVE</status>
                                                <type>BASE_MACHINE</type>
                                                <uuid>8f04bd99-7f51-4796-a528-d1a7c9ccfbc4</uuid>
                                                <version>
                                                    <lastModified>2024-12-18T09:05:49.204Z</lastModified>
                                                    <componentUuid>8f04bd99-7f51-4796-a528-d1a7c9ccfbc4</componentUuid>
                                                    <incrementalVersion>1.0</incrementalVersion>
                                                    <lastInChain>false</lastInChain>
                                                    <versionUuid>0e759014-234f-4d12-a94d-641c44335bc7</versionUuid>
                                                </version>
                                            </template>
                                            <uuid>60b5b2f7-6d5c-4852-b593-8913e968dcfe</uuid>
                                            <version>
                                                <lastModified>2024-12-18T09:05:49.204Z</lastModified>
                                                <componentUuid>9e5000e3-c243-42d3-b5ad-c6ac90dec35e</componentUuid>
                                                <incrementalVersion>1.0</incrementalVersion>
                                                <lastInChain>true</lastInChain>
                                                <versionUuid>e471157d-45b6-442c-b05f-e6d9c020ca6f</versionUuid>
                                            </version>
                                        </machineConfig>
                                        <moderation>false</moderation>
                                        <origination>CREATED_AUTOMATICALLY</origination>
                                        <requiresData>true</requiresData>
                                        <status>ACTIVE</status>
                                        <streamComplexRunThreshold>100</streamComplexRunThreshold>
                                        <streamTimeInterval>Immediately</streamTimeInterval>
                                        <streamTimeIntervalValue>0</streamTimeIntervalValue>
                                        <streamValueType>Percents</streamValueType>
                                        <title>Final Results</title>
                                        <type>SINGLE</type>
                                        <uuid>9f7acbe3-487a-4af9-9c33-218752771ee7</uuid>
                                        <validWorkflow>false</validWorkflow>
                                        <version>
                                            <lastModified>2024-12-18T09:05:49.204Z</lastModified>
                                            <componentUuid>9f6a0dc2-8693-11e7-be4e-06d2c080f20b</componentUuid>
                                            <incrementalVersion>1.0</incrementalVersion>
                                            <lastInChain>false</lastInChain>
                                            <versionUuid>79296f2b-09fc-481f-ad04-036fc90bd632</versionUuid>
                                        </version>
                                        <workSettingBase>false</workSettingBase>
                                    </campaign>
                                    <deleted>false</deleted>
                                    <lastModifiedAudit>
                                        <lastModified>2021-12-15T09:35:27.103Z</lastModified>
                                    </lastModifiedAudit>
                                    <skipForSTPCalculation>false</skipForSTPCalculation>
                                    <stepIndex>4</stepIndex>
                                    <stepPosition>END</stepPosition>
                                    <streamed>false</streamed>
                                    <uuid>810b3937-fd10-472b-9a01-abbd7f6a8a1c</uuid>
                                </campaignMap>
                            </campaignMaps>
                            <campaigns/>
                            <compositeCampaignVersion>NEW_WORKFLOW</compositeCampaignVersion>
                            <compositeStructureXml>&lt;?xml version="1.0" encoding="UTF-8" standalone="no"?&gt;&lt;mxGraphModel&gt;&lt;root&gt;&lt;mxCell id="0"/&gt;&lt;mxCell id="1" parent="0"/&gt;&lt;Start id="2" name="Start" type="start"&gt;&lt;mxCell parent="1" style="start" vertex="1"&gt;&lt;mxGeometry as="geometry" height="32.0" width="32.0" x="210.0" y="160.0"/&gt;&lt;/mxCell&gt;&lt;/Start&gt;&lt;MachineTask campaignMapUUID="587f695d-2bb4-4a2a-816e-cc4cae2f7f03" id="3" name="odf2-example-project-bcb v10.2.8.55 (submission-monitor)" taskUUID="b504b8b3-5914-4e9c-a291-a82b01017bc1" type="machine_task"&gt;&lt;mxCell parent="1" style="machine_task" vertex="1"&gt;&lt;mxGeometry as="geometry" height="60.0" width="160.0" x="300.0" y="146.0"/&gt;&lt;/mxCell&gt;&lt;/MachineTask&gt;&lt;Link id="4" name="" type="link"&gt;&lt;mxCell edge="1" parent="1" source="2" style="link" target="3"&gt;&lt;mxGeometry as="geometry" relative="1" x="0.5" y="10.0"/&gt;&lt;/mxCell&gt;&lt;/Link&gt;&lt;Rule id="5" name="monitor loop" ruleUUID="62fed0a1-6b3a-4021-84a8-7e4ad03277de" type="rule"&gt;&lt;mxCell parent="1" style="rule" vertex="1"&gt;&lt;mxGeometry as="geometry" height="32.0" width="32.0" x="500.0" y="160.0"/&gt;&lt;/mxCell&gt;&lt;/Rule&gt;&lt;Link conditional="false" id="6" label="processing" name="" outcomeId="processing" ruleUUID="62fed0a1-6b3a-4021-84a8-7e4ad03277de" type="link"&gt;&lt;mxCell edge="1" parent="1" source="5" style="link" target="9"&gt;&lt;mxGeometry as="geometry"&gt;&lt;mxPoint as="targetPoint" x="755.0" y="196.0"/&gt;&lt;Array as="points"/&gt;&lt;/mxGeometry&gt;&lt;/mxCell&gt;&lt;/Link&gt;&lt;Link conditional="false" id="7" label="loop" name="" outcomeId="loop" ruleUUID="62fed0a1-6b3a-4021-84a8-7e4ad03277de" type="link"&gt;&lt;mxCell edge="1" parent="1" source="5" style="link" target="3"&gt;&lt;mxGeometry as="geometry"&gt;&lt;mxPoint as="targetPoint" x="610.0" y="50.0"/&gt;&lt;Array as="points"&gt;&lt;mxPoint x="516.0" y="100.0"/&gt;&lt;mxPoint x="380.0" y="100.0"/&gt;&lt;/Array&gt;&lt;mxPoint as="offset" x="2.0" y="-73.0"/&gt;&lt;/mxGeometry&gt;&lt;/mxCell&gt;&lt;/Link&gt;&lt;Link id="8" name="" type="link"&gt;&lt;mxCell edge="1" parent="1" source="3" style="link" target="5"&gt;&lt;mxGeometry as="geometry" relative="1" x="0.5" y="10.0"/&gt;&lt;/mxCell&gt;&lt;/Link&gt;&lt;MachineTask campaignMapUUID="489c66d4-1282-4004-a659-1c6aa807b59d" id="9" name="odf2-example-project-bcb v10.2.8.55 (invoice-submission)" taskUUID="ef66b059-d8a9-4515-bd2f-80cc003b8608" type="machine_task"&gt;&lt;mxCell parent="1" style="machine_task" vertex="1"&gt;&lt;mxGeometry as="geometry" height="60.0" width="160.0" x="650.0" y="146.0"/&gt;&lt;/mxCell&gt;&lt;/MachineTask&gt;&lt;MachineTask campaignMapUUID="2ffc6c08-3395-4a08-9ac5-913051a72419" id="10" name="odf2-example-project-bcb v10.2.8.55 (finalize-submission)" taskUUID="6ea889b0-cb0e-4ab9-a0ce-4f16e12a3db3" type="machine_task"&gt;&lt;mxCell parent="1" style="machine_task" vertex="1"&gt;&lt;mxGeometry as="geometry" height="60.0" width="160.0" x="870.0" y="146.0"/&gt;&lt;/mxCell&gt;&lt;/MachineTask&gt;&lt;Link id="11" name="" outcome="ApproveAll" outcomeId="ApproveAll" ruleUUID="73f63a1d-9751-4ad1-a5f7-7ab9097f4d2d" type="link"&gt;&lt;mxCell edge="1" parent="1" source="9" style="link" target="10"&gt;&lt;mxGeometry as="geometry" relative="1" x="0.5" y="10.0"/&gt;&lt;/mxCell&gt;&lt;/Link&gt;&lt;End campaignMapUUID="810b3937-fd10-472b-9a01-abbd7f6a8a1c" id="12" name="Final Results" type="end"&gt;&lt;mxCell parent="1" style="end" vertex="1"&gt;&lt;mxGeometry as="geometry" height="32.0" width="32.0" x="1080.0" y="160.0"/&gt;&lt;/mxCell&gt;&lt;/End&gt;&lt;Link id="13" name="" outcome="ApproveAll" outcomeId="ApproveAll" ruleUUID="f105361d-0ae2-49eb-8337-081ae1b980b6" type="link"&gt;&lt;mxCell edge="1" parent="1" source="10" style="link" target="12"&gt;&lt;mxGeometry as="geometry" relative="1" x="0.5" y="10.0"/&gt;&lt;/mxCell&gt;&lt;/Link&gt;&lt;/root&gt;&lt;/mxGraphModel&gt;</compositeStructureXml>
                            <createNewTrainingSet>false</createNewTrainingSet>
                            <description>Business Process description</description>
                            <executingType>COMPOSITE</executingType>
                            <goldBucketBlockSize>0</goldBucketBlockSize>
                            <goldRatio>0</goldRatio>
                            <goldSource>Empty</goldSource>
                            <goldType>Percentage</goldType>
                            <includeOriginalData>false</includeOriginalData>
                            <moderation>false</moderation>
                            <origination>CREATED_AUTOMATICALLY</origination>
                            <requiresData>false</requiresData>
                            <status>ACTIVE</status>
                            <streamComplexRunThreshold>1</streamComplexRunThreshold>
                            <streamTimeInterval>Immediately</streamTimeInterval>
                            <streamTimeIntervalValue>0</streamTimeIntervalValue>
                            <streamValueType>Tasks</streamValueType>
                            <title>[odf2-example-project v10.2.8.55] Data Submission</title>
                            <type>COMPOSITE</type>
                            <uuid>44f16c04-1d77-4a73-a499-5751d9844ec9</uuid>
                            <validWorkflow>true</validWorkflow>
                            <version>
                                <lastModified>2021-12-15T09:35:27.103Z</lastModified>
                                <componentUuid>af44b386-3c42-4521-9626-55d324be62cd</componentUuid>
                                <incrementalVersion>1.6</incrementalVersion>
                                <lastInChain>true</lastInChain>
                                <versionUuid>f864a07f-8c98-4228-bfeb-683f2e02be56</versionUuid>
                            </version>
                            <workSettingBase>false</workSettingBase>
                        </campaign>
                        <description>
                            <automationType>NONE</automationType>
                            <dynamicTaskRenderingDisabled>false</dynamicTaskRenderingDisabled>
                            <goldRun>false</goldRun>
                            <qualificationTraining>false</qualificationTraining>
                            <snapshotType>CSV</snapshotType>
                            <stepDescription>{}</stepDescription>
                            <streamingValue>1</streamingValue>
                            <streamingValueType>Tasks</streamingValueType>
                            <taskParams>{"values":{"NAME":"odf2-example-project-bcb v10.2.8.55 (submission-monitor)"}}</taskParams>
                            <uploadResultsType>CREATE</uploadResultsType>
                        </description>
                        <executingType>MACHINE</executingType>
                        <forceComplete>false</forceComplete>
                        <forceCompleteIdleTime>0</forceCompleteIdleTime>
                        <forceCompletePercent>100</forceCompletePercent>
                        <lastModified>2021-12-15T09:38:31.177Z</lastModified>
                        <mixStrategy>
                            <additionalRows>0</additionalRows>
                            <blockSize>1</blockSize>
                            <goldItemSize>0</goldItemSize>
                            <goldPercentage>0</goldPercentage>
                            <goldRatio>true</goldRatio>
                            <mainRows>1</mainRows>
                            <repeated>false</repeated>
                        </mixStrategy>
                        <purged>false</purged>
                        <recordProcessingStatus>COMPLETED</recordProcessingStatus>
                        <recursiveCount>1</recursiveCount>
                        <rootRunUUID>16088599-e7c2-4c65-8bd8-ab12342e7ad8</rootRunUUID>
                        <runType>SIMPLE</runType>
                        <tags/>
                        <title>odf2-example-project-bcb v10.2.8.55 (submission-monitor)</title>
                        <uuid>5cd8e59d-e2f7-4711-9eff-f0f4ad8c8665</uuid>
                    </run>
                </runs>
                <automationUseCases/>
                <automationInfo/>
            </project>
            <hashCode>0673220751</hashCode>
        </objectContainer>
    </objects>
</objectListWrapper>