<?xml version="1.0" encoding="US-ASCII" standalone="yes"?><objectListWrapper>
    <objects>
        <objectContainer>
            <project>
                <name>[odf2-example-project v10.2.6.15] Data Submission</name>
                <description/>
                <author>workfusion</author>
                <runs>
                    <run>
                        <blockSize>1</blockSize>
                        <campaign>
                            <active>true</active>
                            <businessRules/>
                            <campaignMaps>
                                <campaignMap>
                                    <activateTracking>false</activateTracking>
                                    <blockSize>1</blockSize>
                                    <businessRule>
                                        <content># Rule.Definition={"moderationRule":false,"approveAllRule":false,"splitData":true,"splitRule":false,"splitRuleSuffix":"","joinRule":false,"joinRuleSuffix":"","streamingRule":false,"streamingRuleSuffix":"","namedRule":false,"namedRuleName":""}
package com.freedomoss.requester;

# list any import classes here.
import java.util.Map;
import java.util.ArrayList;
import com.freedomoss.objective.model.CompositeRuleContext;
import com.freedomoss.objective.model.CompositeRuleDataItemContext;
import org.slf4j.Logger;


# declare any global variables here
global CompositeRuleContext source
global Logger log
global Map params

# RuleContext.SPLIT_DATA

rule "Rule context initialization"
auto-focus true
no-loop
agenda-group "initialization-group"
    when
        $ctx:CompositeRuleContext(initialized == false);
    then
        # insert processed facts into memory
        $ctx.updateWorkingMemory();
        # move to business rules
        kcontext.getKnowledgeRuntime().getAgenda().getAgendaGroup("calculation").setFocus();
end

# RuleOutcome.Definition={"outcomeId":"loop","conditional":true,"reworkBySameWorker":false,"assignToSameWorker":false,"anableLogging":false,"sendRejectNotification":false,"assignToAnyWorker":false,"approveRelatedAssignments":false,"rejectRelatedAssignments":false,"renameAutomationAnswerItem":false,"conditions":[{"fieldName":"_sys_repeat","value":"true","operator":"EQ"}],"customConditions":[]}
rule "1. Send records to 'loop' when _sys_repeat EQ 'true'"
agenda-group "calculation"
dialect "mvel"
salience 100
    when
        $ctx:CompositeRuleContext(initialized == true);
        $item:CompositeRuleDataItemContext();
        eval($item.checkValue("_sys_repeat", "EQ", "true"));

    then
        $ctx.sendResultTo("loop", $item);
end

# RuleOutcome.Definition={"outcomeId":"processing","conditional":true,"reworkBySameWorker":false,"assignToSameWorker":false,"anableLogging":false,"sendRejectNotification":false,"assignToAnyWorker":false,"approveRelatedAssignments":false,"rejectRelatedAssignments":false,"renameAutomationAnswerItem":false,"conditions":[{"fieldName":"_sys_repeat","value":"true","operator":"NE"}],"customConditions":[]}
rule "2. Send records to 'processing' when _sys_repeat NE 'true'"
agenda-group "calculation"
dialect "mvel"
salience 100
    when
        $ctx:CompositeRuleContext(initialized == true);
        $item:CompositeRuleDataItemContext();
        eval($item.checkValue("_sys_repeat", "NE", "true"));

    then
        $ctx.sendResultTo("processing", $item);
end



rule "Send unprocessed result to unconditional outcome(s)"
agenda-group "calculation"
dialect "mvel"
salience 80
    when
        $ctx:CompositeRuleContext(initialized == true);
        $item:CompositeRuleDataItemContext();
    then
        $ctx.sendResultToUnconditionalOutcomes($item, true);
end</content>
                                        <name>monitor loop</name>
                                        <ruleType>WORKFLOW_RULE</ruleType>
                                        <ruleTypeUI>Composite</ruleTypeUI>
                                        <uuid>62fed0a1-6b3a-4021-84a8-7e4ad03277de</uuid>
                                        <workflowRuleMode>SIMPLE</workflowRuleMode>
                                    </businessRule>
                                    <campaign>
                                        <active>true</active>
                                        <businessRules/>
                                        <campaignMaps/>
                                        <campaigns/>
                                        <createNewTrainingSet>false</createNewTrainingSet>
                                        <executingType>MACHINE</executingType>
                                        <goldBucketBlockSize>0</goldBucketBlockSize>
                                        <goldRatio>0</goldRatio>
                                        <goldSource>Empty</goldSource>
                                        <goldType>Percentage</goldType>
                                        <includeOriginalData>false</includeOriginalData>
                                        <machineConfig>
                                            <answers/>
                                            <content>&lt;?xml version="1.0" encoding="UTF-8"?&gt;
&lt;config xmlns="http://web-harvest.sourceforge.net/schema/1.0/config" scriptlang="groovy"&gt;

    

    &lt;script&gt;&lt;![CDATA[
        import com.workfusion.odf2.core.Odf
        import com.workfusion.odf2.multiprocess.task.submission.SubmissionMonitorTask
        import com.workfusion.odf2.transaction.task.monitor.MonitorModule
        import com.workfusion.odf2.transaction.TransactionModule
        // after imports

        // before odf builder
        def odf = Odf.builder()
            .withInput(__taskInputMap.getWrappedObject())
            .withBinding(binding)
            .withModules(MonitorModule)
.withModules(TransactionModule)
            // after modules
            .build()

        // after odf builder

        result = odf.runTask(SubmissionMonitorTask)

        // after runTask

        rows = result.getRows()
        columns = result.getColumns()

        // after all
    ]]&gt;&lt;/script&gt;

    &lt;case&gt;
        &lt;if condition="${result.isPresent()}"&gt;
            &lt;export include-original-data="false"&gt;
                &lt;multi-column list="${rows}" split-results="${rows.size() &gt; 1}"&gt;
                    &lt;loop item="columnName"&gt;
                        &lt;list&gt;
                            &lt;script return="columns"/&gt;
                        &lt;/list&gt;
                        &lt;body&gt;
                            &lt;put-to-column-getter name="${columnName}" property="${columnName}"/&gt;
                        &lt;/body&gt;
                    &lt;/loop&gt;
                &lt;/multi-column&gt;
            &lt;/export&gt;
        &lt;/if&gt;
    &lt;/case&gt;
&lt;/config&gt;</content>
                                            <gavc>com.workfusion.odf2.example:odf2-example-project-bcb:10.2.6.15:main:submission-monitor</gavc>
                                            <includedConfigs/>
                                            <inclusionCode>775ea4dd-d120-4352-9114-f45a0545bc6f</inclusionCode>
                                            <machineWorkSetting>
                                                <category>
                                                    <automation>false</automation>
                                                    <description/>
                                                    <enabled>true</enabled>
                                                    <executingType>MACHINE</executingType>
                                                    <name>Other</name>
                                                    <private>false</private>
                                                    <publicId>dd92f240-144b-4fef-8476-4ec0acbc1105</publicId>
                                                </category>
                                                <contentType>BLANK</contentType>
                                                <description/>
                                                <enabled>true</enabled>
                                                <name>Miscellaneous Tasks</name>
                                                <publicId>26e6e095-00bb-43fa-8c34-af0b18e71ac9</publicId>
                                                <version>
                                                    <lastModified>2024-05-27T12:35:14.597Z</lastModified>
                                                    <componentUuid>26e6e095-00bb-43fa-8c34-af0b18e71ac9</componentUuid>
                                                    <incrementalVersion>1.0</incrementalVersion>
                                                    <lastInChain>true</lastInChain>
                                                    <versionUuid>83346bae-9bd2-44b8-9e80-ff6ffb8fcc2c</versionUuid>
                                                </version>
                                                <answers/>
                                                <machineWorkSettingType>BASIC</machineWorkSettingType>
                                                <template>
                                                    <content>&lt;?xml version="1.0" encoding="UTF-8"?&gt;
&lt;config charset="UTF-8"&gt;
	&lt;export include-original-data="true"&gt;
	&lt;/export&gt;
&lt;/config&gt;</content>
                                                    <name>Blank</name>
                                                    <origination>CREATED_MANUALLY</origination>
                                                    <status>ACTIVE</status>
                                                    <type>BASE_MACHINE</type>
                                                    <uuid>8f04bd99-7f51-4796-a528-d1a7c9ccfbc4</uuid>
                                                    <version>
                                                        <lastModified>2024-05-27T12:35:14.597Z</lastModified>
                                                        <componentUuid>8f04bd99-7f51-4796-a528-d1a7c9ccfbc4</componentUuid>
                                                        <incrementalVersion>1.0</incrementalVersion>
                                                        <lastInChain>false</lastInChain>
                                                        <versionUuid>83346bae-9bd2-44b8-9e80-ff6ffb8fcc2c</versionUuid>
                                                    </version>
                                                </template>
                                            </machineWorkSetting>
                                            <machineWorkSettingType>BASIC</machineWorkSettingType>
                                            <name>odf2-example-project-bcb v10.2.6.15 (submission-monitor)</name>
                                            <machineConfigOptions/>
                                            <sourceType>BUNDLE</sourceType>
                                            <template>
                                                <content>&lt;?xml version="1.0" encoding="UTF-8"?&gt;
&lt;config charset="UTF-8"&gt;
	&lt;export include-original-data="true"&gt;
	&lt;/export&gt;
&lt;/config&gt;</content>
                                                <name>Blank</name>
                                                <origination>CREATED_MANUALLY</origination>
                                                <status>ACTIVE</status>
                                                <type>BASE_MACHINE</type>
                                                <uuid>8f04bd99-7f51-4796-a528-d1a7c9ccfbc4</uuid>
                                                <version>
                                                    <lastModified>2024-05-27T12:35:14.597Z</lastModified>
                                                    <componentUuid>8f04bd99-7f51-4796-a528-d1a7c9ccfbc4</componentUuid>
                                                    <incrementalVersion>1.0</incrementalVersion>
                                                    <lastInChain>false</lastInChain>
                                                    <versionUuid>83346bae-9bd2-44b8-9e80-ff6ffb8fcc2c</versionUuid>
                                                </version>
                                            </template>
                                            <uuid>fffe51d0-c7a6-4ed2-be53-47a4c700c671</uuid>
                                            <version>
                                                <lastModified>2024-05-27T12:35:14.597Z</lastModified>
                                                <componentUuid>5f8cbfa7-ca72-4aa1-a4f5-8cb2afaf45f3</componentUuid>
                                                <incrementalVersion>1.6</incrementalVersion>
                                                <lastInChain>true</lastInChain>
                                                <versionUuid>83346bae-9bd2-44b8-9e80-ff6ffb8fcc2c</versionUuid>
                                            </version>
                                        </machineConfig>
                                        <moderation>false</moderation>
                                        <origination>CREATED_AUTOMATICALLY</origination>
                                        <requiresData>true</requiresData>
                                        <status>ACTIVE</status>
                                        <streamComplexRunThreshold>1</streamComplexRunThreshold>
                                        <streamTimeInterval>Immediately</streamTimeInterval>
                                        <streamTimeIntervalValue>0</streamTimeIntervalValue>
                                        <streamValueType>Tasks</streamValueType>
                                        <title>odf2-example-project-bcb v10.2.6.15 (submission-monitor)</title>
                                        <type>SINGLE</type>
                                        <uuid>3fc780d6-86ec-4518-9ba2-d791b0502201</uuid>
                                        <validWorkflow>false</validWorkflow>
                                        <version>
                                            <lastModified>2024-05-27T12:35:14.597Z</lastModified>
                                            <componentUuid>269262e4-ce3d-4d94-a2d7-a36078000842</componentUuid>
                                            <incrementalVersion>1.0</incrementalVersion>
                                            <lastInChain>true</lastInChain>
                                            <versionUuid>83346bae-9bd2-44b8-9e80-ff6ffb8fcc2c</versionUuid>
                                        </version>
                                        <workSettingBase>false</workSettingBase>
                                    </campaign>
                                    <deleted>false</deleted>
                                    <lastModifiedAudit>
                                        <lastModified>2021-12-15T09:35:27.103Z</lastModified>
                                    </lastModifiedAudit>
                                    <skipForSTPCalculation>false</skipForSTPCalculation>
                                    <stepIndex>1</stepIndex>
                                    <stepPosition>START</stepPosition>
                                    <streamed>false</streamed>
                                    <uuid>e6fd68b6-afe1-43d5-8603-dbb8a47464e2</uuid>
                                </campaignMap>
                                <campaignMap>
                                    <activateTracking>false</activateTracking>
                                    <blockSize>1</blockSize>
                                    <businessRule>
                                        <content>#RuleContext.APPROVE_ALL_RULE</content>
                                        <name>Approve All</name>
                                        <ruleType>WORKFLOW_RULE</ruleType>
                                        <ruleTypeUI>Composite</ruleTypeUI>
                                        <uuid>f105361d-0ae2-49eb-8337-081ae1b980b6</uuid>
                                        <workflowRuleMode>SIMPLE</workflowRuleMode>
                                    </businessRule>
                                    <campaign>
                                        <active>true</active>
                                        <businessRules/>
                                        <campaignMaps/>
                                        <campaigns/>
                                        <createNewTrainingSet>false</createNewTrainingSet>
                                        <executingType>MACHINE</executingType>
                                        <goldBucketBlockSize>0</goldBucketBlockSize>
                                        <goldRatio>0</goldRatio>
                                        <goldSource>Empty</goldSource>
                                        <goldType>Percentage</goldType>
                                        <includeOriginalData>false</includeOriginalData>
                                        <machineConfig>
                                            <answers/>
                                            <content>&lt;?xml version="1.0" encoding="UTF-8"?&gt;
&lt;config xmlns="http://web-harvest.sourceforge.net/schema/1.0/config" scriptlang="groovy"&gt;

    

    &lt;script&gt;&lt;![CDATA[
        import com.workfusion.odf2.core.Odf
        import com.workfusion.odf2.multiprocess.task.submission.FinalizeSubmissionTask
        import com.workfusion.odf2.transaction.TransactionModule
        // after imports

        // before odf builder
        def odf = Odf.builder()
            .withInput(__taskInputMap.getWrappedObject())
            .withBinding(binding)
            .withModules(TransactionModule)
            // after modules
            .build()

        // after odf builder

        result = odf.runTask(FinalizeSubmissionTask)

        // after runTask

        rows = result.getRows()
        columns = result.getColumns()

        // after all
    ]]&gt;&lt;/script&gt;

    &lt;case&gt;
        &lt;if condition="${result.isPresent()}"&gt;
            &lt;export include-original-data="false"&gt;
                &lt;multi-column list="${rows}" split-results="${rows.size() &gt; 1}"&gt;
                    &lt;loop item="columnName"&gt;
                        &lt;list&gt;
                            &lt;script return="columns"/&gt;
                        &lt;/list&gt;
                        &lt;body&gt;
                            &lt;put-to-column-getter name="${columnName}" property="${columnName}"/&gt;
                        &lt;/body&gt;
                    &lt;/loop&gt;
                &lt;/multi-column&gt;
            &lt;/export&gt;
        &lt;/if&gt;
    &lt;/case&gt;
&lt;/config&gt;</content>
                                            <gavc>com.workfusion.odf2.example:odf2-example-project-bcb:10.2.6.15:main:finalize-submission</gavc>
                                            <includedConfigs/>
                                            <inclusionCode>8a638ab1-adf1-4d37-9a1d-2b46d908abdc</inclusionCode>
                                            <machineWorkSetting>
                                                <category>
                                                    <automation>false</automation>
                                                    <description/>
                                                    <enabled>true</enabled>
                                                    <executingType>MACHINE</executingType>
                                                    <name>Other</name>
                                                    <private>false</private>
                                                    <publicId>dd92f240-144b-4fef-8476-4ec0acbc1105</publicId>
                                                </category>
                                                <contentType>BLANK</contentType>
                                                <description/>
                                                <enabled>true</enabled>
                                                <name>Miscellaneous Tasks</name>
                                                <publicId>26e6e095-00bb-43fa-8c34-af0b18e71ac9</publicId>
                                                <version>
                                                    <lastModified>2024-05-27T12:35:14.597Z</lastModified>
                                                    <componentUuid>26e6e095-00bb-43fa-8c34-af0b18e71ac9</componentUuid>
                                                    <incrementalVersion>1.0</incrementalVersion>
                                                    <lastInChain>true</lastInChain>
                                                    <versionUuid>b02cd0fc-6e9e-4879-8974-89d172aa7335</versionUuid>
                                                </version>
                                                <answers/>
                                                <machineWorkSettingType>BASIC</machineWorkSettingType>
                                                <template>
                                                    <content>&lt;?xml version="1.0" encoding="UTF-8"?&gt;
&lt;config charset="UTF-8"&gt;
	&lt;export include-original-data="true"&gt;
	&lt;/export&gt;
&lt;/config&gt;</content>
                                                    <name>Blank</name>
                                                    <origination>CREATED_MANUALLY</origination>
                                                    <status>ACTIVE</status>
                                                    <type>BASE_MACHINE</type>
                                                    <uuid>8f04bd99-7f51-4796-a528-d1a7c9ccfbc4</uuid>
                                                    <version>
                                                        <lastModified>2024-05-27T12:35:14.597Z</lastModified>
                                                        <componentUuid>8f04bd99-7f51-4796-a528-d1a7c9ccfbc4</componentUuid>
                                                        <incrementalVersion>1.0</incrementalVersion>
                                                        <lastInChain>false</lastInChain>
                                                        <versionUuid>b02cd0fc-6e9e-4879-8974-89d172aa7335</versionUuid>
                                                    </version>
                                                </template>
                                            </machineWorkSetting>
                                            <machineWorkSettingType>BASIC</machineWorkSettingType>
                                            <name>odf2-example-project-bcb v10.2.6.15 (finalize-submission)</name>
                                            <machineConfigOptions/>
                                            <sourceType>BUNDLE</sourceType>
                                            <template>
                                                <content>&lt;?xml version="1.0" encoding="UTF-8"?&gt;
&lt;config charset="UTF-8"&gt;
	&lt;export include-original-data="true"&gt;
	&lt;/export&gt;
&lt;/config&gt;</content>
                                                <name>Blank</name>
                                                <origination>CREATED_MANUALLY</origination>
                                                <status>ACTIVE</status>
                                                <type>BASE_MACHINE</type>
                                                <uuid>8f04bd99-7f51-4796-a528-d1a7c9ccfbc4</uuid>
                                                <version>
                                                    <lastModified>2024-05-27T12:35:14.597Z</lastModified>
                                                    <componentUuid>8f04bd99-7f51-4796-a528-d1a7c9ccfbc4</componentUuid>
                                                    <incrementalVersion>1.0</incrementalVersion>
                                                    <lastInChain>false</lastInChain>
                                                    <versionUuid>b02cd0fc-6e9e-4879-8974-89d172aa7335</versionUuid>
                                                </version>
                                            </template>
                                            <uuid>02c25035-2378-4a54-9f1b-c392fae49227</uuid>
                                            <version>
                                                <lastModified>2024-05-27T12:35:14.597Z</lastModified>
                                                <componentUuid>075bcbb0-a72b-40a2-b144-58c6f7985046</componentUuid>
                                                <incrementalVersion>1.4</incrementalVersion>
                                                <lastInChain>true</lastInChain>
                                                <versionUuid>b02cd0fc-6e9e-4879-8974-89d172aa7335</versionUuid>
                                            </version>
                                        </machineConfig>
                                        <moderation>false</moderation>
                                        <origination>CREATED_AUTOMATICALLY</origination>
                                        <requiresData>true</requiresData>
                                        <status>ACTIVE</status>
                                        <streamComplexRunThreshold>1</streamComplexRunThreshold>
                                        <streamTimeInterval>Immediately</streamTimeInterval>
                                        <streamTimeIntervalValue>0</streamTimeIntervalValue>
                                        <streamValueType>Tasks</streamValueType>
                                        <title>odf2-example-project-bcb v10.2.6.15 (finalize-submission)</title>
                                        <type>SINGLE</type>
                                        <uuid>2589f0e6-b834-4144-b20e-6a62600262bc</uuid>
                                        <validWorkflow>false</validWorkflow>
                                        <version>
                                            <lastModified>2024-05-27T12:35:14.597Z</lastModified>
                                            <componentUuid>9464aacc-032b-45af-9f24-36a7c6b9821f</componentUuid>
                                            <incrementalVersion>1.0</incrementalVersion>
                                            <lastInChain>true</lastInChain>
                                            <versionUuid>b02cd0fc-6e9e-4879-8974-89d172aa7335</versionUuid>
                                        </version>
                                        <workSettingBase>false</workSettingBase>
                                    </campaign>
                                    <deleted>false</deleted>
                                    <lastModifiedAudit>
                                        <lastModified>2021-12-15T09:35:27.103Z</lastModified>
                                    </lastModifiedAudit>
                                    <skipForSTPCalculation>false</skipForSTPCalculation>
                                    <stepIndex>2</stepIndex>
                                    <stepPosition>INTERMEDIATE</stepPosition>
                                    <streamed>false</streamed>
                                    <uuid>307ab064-e62b-4c65-bf2b-dc1d98bb15d3</uuid>
                                </campaignMap>
                                <campaignMap>
                                    <activateTracking>false</activateTracking>
                                    <blockSize>1</blockSize>
                                    <businessRule>
                                        <content>#RuleContext.APPROVE_ALL_RULE</content>
                                        <name>Approve All</name>
                                        <ruleType>WORKFLOW_RULE</ruleType>
                                        <ruleTypeUI>Composite</ruleTypeUI>
                                        <uuid>73f63a1d-9751-4ad1-a5f7-7ab9097f4d2d</uuid>
                                        <workflowRuleMode>SIMPLE</workflowRuleMode>
                                    </businessRule>
                                    <campaign>
                                        <active>true</active>
                                        <businessRules/>
                                        <campaignMaps/>
                                        <campaigns/>
                                        <createNewTrainingSet>false</createNewTrainingSet>
                                        <executingType>MACHINE</executingType>
                                        <goldBucketBlockSize>0</goldBucketBlockSize>
                                        <goldRatio>0</goldRatio>
                                        <goldSource>Empty</goldSource>
                                        <goldType>Percentage</goldType>
                                        <includeOriginalData>false</includeOriginalData>
                                        <machineConfig>
                                            <answers/>
                                            <content>&lt;?xml version="1.0" encoding="UTF-8"?&gt;
&lt;config xmlns="http://web-harvest.sourceforge.net/schema/1.0/config" scriptlang="groovy"&gt;

    

    &lt;script&gt;&lt;![CDATA[
        import com.workfusion.odf2.core.Odf
        import com.workfusion.odf2.example.task.submission.InvoiceSubmissionTask
        import com.workfusion.odf2.example.module.RepositoryModule
        import com.workfusion.odf2.transaction.TransactionModule
        // after imports

        // before odf builder
        def odf = Odf.builder()
            .withInput(__taskInputMap.getWrappedObject())
            .withBinding(binding)
            .withModules(RepositoryModule)
.withModules(TransactionModule)
            // after modules
            .build()

        // after odf builder

        result = odf.runTask(InvoiceSubmissionTask)

        // after runTask

        rows = result.getRows()
        columns = result.getColumns()

        // after all
    ]]&gt;&lt;/script&gt;

    &lt;case&gt;
        &lt;if condition="${result.isPresent()}"&gt;
            &lt;export include-original-data="false"&gt;
                &lt;multi-column list="${rows}" split-results="${rows.size() &gt; 1}"&gt;
                    &lt;loop item="columnName"&gt;
                        &lt;list&gt;
                            &lt;script return="columns"/&gt;
                        &lt;/list&gt;
                        &lt;body&gt;
                            &lt;put-to-column-getter name="${columnName}" property="${columnName}"/&gt;
                        &lt;/body&gt;
                    &lt;/loop&gt;
                &lt;/multi-column&gt;
            &lt;/export&gt;
        &lt;/if&gt;
    &lt;/case&gt;
&lt;/config&gt;</content>
                                            <gavc>com.workfusion.odf2.example:odf2-example-project-bcb:10.2.6.15:main:invoice-submission</gavc>
                                            <includedConfigs/>
                                            <inclusionCode>37521a8e-e370-4323-ab11-4226e4ffee6c</inclusionCode>
                                            <machineWorkSetting>
                                                <category>
                                                    <automation>false</automation>
                                                    <description/>
                                                    <enabled>true</enabled>
                                                    <executingType>MACHINE</executingType>
                                                    <name>Other</name>
                                                    <private>false</private>
                                                    <publicId>dd92f240-144b-4fef-8476-4ec0acbc1105</publicId>
                                                </category>
                                                <contentType>BLANK</contentType>
                                                <description/>
                                                <enabled>true</enabled>
                                                <name>Miscellaneous Tasks</name>
                                                <publicId>26e6e095-00bb-43fa-8c34-af0b18e71ac9</publicId>
                                                <version>
                                                    <lastModified>2024-05-27T12:35:14.597Z</lastModified>
                                                    <componentUuid>26e6e095-00bb-43fa-8c34-af0b18e71ac9</componentUuid>
                                                    <incrementalVersion>1.0</incrementalVersion>
                                                    <lastInChain>true</lastInChain>
                                                    <versionUuid>6183ffe5-ea06-4813-b2ad-ea4e2735ef59</versionUuid>
                                                </version>
                                                <answers/>
                                                <machineWorkSettingType>BASIC</machineWorkSettingType>
                                                <template>
                                                    <content>&lt;?xml version="1.0" encoding="UTF-8"?&gt;
&lt;config charset="UTF-8"&gt;
	&lt;export include-original-data="true"&gt;
	&lt;/export&gt;
&lt;/config&gt;</content>
                                                    <name>Blank</name>
                                                    <origination>CREATED_MANUALLY</origination>
                                                    <status>ACTIVE</status>
                                                    <type>BASE_MACHINE</type>
                                                    <uuid>8f04bd99-7f51-4796-a528-d1a7c9ccfbc4</uuid>
                                                    <version>
                                                        <lastModified>2024-05-27T12:35:14.597Z</lastModified>
                                                        <componentUuid>8f04bd99-7f51-4796-a528-d1a7c9ccfbc4</componentUuid>
                                                        <incrementalVersion>1.0</incrementalVersion>
                                                        <lastInChain>false</lastInChain>
                                                        <versionUuid>6183ffe5-ea06-4813-b2ad-ea4e2735ef59</versionUuid>
                                                    </version>
                                                </template>
                                            </machineWorkSetting>
                                            <machineWorkSettingType>BASIC</machineWorkSettingType>
                                            <name>odf2-example-project-bcb v10.2.6.15 (invoice-submission)</name>
                                            <machineConfigOptions/>
                                            <sourceType>BUNDLE</sourceType>
                                            <template>
                                                <content>&lt;?xml version="1.0" encoding="UTF-8"?&gt;
&lt;config charset="UTF-8"&gt;
	&lt;export include-original-data="true"&gt;
	&lt;/export&gt;
&lt;/config&gt;</content>
                                                <name>Blank</name>
                                                <origination>CREATED_MANUALLY</origination>
                                                <status>ACTIVE</status>
                                                <type>BASE_MACHINE</type>
                                                <uuid>8f04bd99-7f51-4796-a528-d1a7c9ccfbc4</uuid>
                                                <version>
                                                    <lastModified>2024-05-27T12:35:14.597Z</lastModified>
                                                    <componentUuid>8f04bd99-7f51-4796-a528-d1a7c9ccfbc4</componentUuid>
                                                    <incrementalVersion>1.0</incrementalVersion>
                                                    <lastInChain>false</lastInChain>
                                                    <versionUuid>6183ffe5-ea06-4813-b2ad-ea4e2735ef59</versionUuid>
                                                </version>
                                            </template>
                                            <uuid>ee83d302-422b-4b52-b109-2af726c7a429</uuid>
                                            <version>
                                                <lastModified>2024-05-27T12:35:14.597Z</lastModified>
                                                <componentUuid>6bd27711-797e-4125-bd03-ddfe92681e73</componentUuid>
                                                <incrementalVersion>1.5</incrementalVersion>
                                                <lastInChain>true</lastInChain>
                                                <versionUuid>6183ffe5-ea06-4813-b2ad-ea4e2735ef59</versionUuid>
                                            </version>
                                        </machineConfig>
                                        <moderation>false</moderation>
                                        <origination>CREATED_AUTOMATICALLY</origination>
                                        <requiresData>true</requiresData>
                                        <status>ACTIVE</status>
                                        <streamComplexRunThreshold>1</streamComplexRunThreshold>
                                        <streamTimeInterval>Immediately</streamTimeInterval>
                                        <streamTimeIntervalValue>0</streamTimeIntervalValue>
                                        <streamValueType>Tasks</streamValueType>
                                        <title>odf2-example-project-bcb v10.2.6.15 (invoice-submission)</title>
                                        <type>SINGLE</type>
                                        <uuid>1984401d-92ba-4156-98af-8a6ff118710f</uuid>
                                        <validWorkflow>false</validWorkflow>
                                        <version>
                                            <lastModified>2024-05-27T12:35:14.597Z</lastModified>
                                            <componentUuid>6ee99b8c-dd67-4ba0-acd5-c540609dba9d</componentUuid>
                                            <incrementalVersion>1.0</incrementalVersion>
                                            <lastInChain>true</lastInChain>
                                            <versionUuid>6183ffe5-ea06-4813-b2ad-ea4e2735ef59</versionUuid>
                                        </version>
                                        <workSettingBase>false</workSettingBase>
                                    </campaign>
                                    <deleted>false</deleted>
                                    <lastModifiedAudit>
                                        <lastModified>2021-12-15T09:35:27.103Z</lastModified>
                                    </lastModifiedAudit>
                                    <skipForSTPCalculation>false</skipForSTPCalculation>
                                    <stepIndex>3</stepIndex>
                                    <stepPosition>INTERMEDIATE</stepPosition>
                                    <streamed>false</streamed>
                                    <uuid>7a8d65bb-034f-463d-920c-499a38a0b70f</uuid>
                                </campaignMap>
                                <campaignMap>
                                    <activateTracking>false</activateTracking>
                                    <businessRule>
                                        <content>package com.freedomoss.requester;

#list any import classes here.
import com.freedomoss.objective.model.CompositeRuleContext;
import com.freedomoss.objective.model.CompositeRuleDataItemContext;
import com.freedomoss.requester.model.AwsHitQuestionItem;
import com.freedomoss.requester.model.AwsHitQuestionAnswerItem;
import org.slf4j.Logger;
import java.util.Map;
import java.util.Iterator;
import java.util.List;
import java.util.Set;
import java.util.ArrayList;
import com.freedomoss.requester.dto.SubmissionResultDTO;

#declare any global variables here
global CompositeRuleContext source
global Logger log
global Map params



rule "Rule context initialization"
auto-focus true
no-loop
dialect "mvel"
agenda-group "initialization-group"
	when
		$ctx:CompositeRuleContext(initialized == false);
	then
		$ctx.updateWorkingMemory();
		# move to business rules
		$ctx.logExecutedRule(kcontext.getRule().getName());
		kcontext.getKnowledgeRuntime().getAgenda().getAgendaGroup("calculation").setFocus();
end</content>
                                        <name>Business Process: End Rule</name>
                                        <ruleType>WORKFLOW_RULE</ruleType>
                                        <uuid>45a0bd65-9429-41f6-ac92-3d5bc6e09824</uuid>
                                        <workflowRuleMode>ADVANCED</workflowRuleMode>
                                    </businessRule>
                                    <campaign>
                                        <active>false</active>
                                        <businessRules/>
                                        <campaignMaps/>
                                        <campaigns/>
                                        <createNewTrainingSet>false</createNewTrainingSet>
                                        <executingType>MACHINE</executingType>
                                        <goldBucketBlockSize>0</goldBucketBlockSize>
                                        <goldRatio>0</goldRatio>
                                        <goldSource>Empty</goldSource>
                                        <goldType>Percentage</goldType>
                                        <includeOriginalData>false</includeOriginalData>
                                        <machineConfig>
                                            <answers/>
                                            <content>&lt;?xml version="1.0" encoding="UTF-8"?&gt;
&lt;config charset="UTF-8"&gt;

    &lt;var-def name="exportType"&gt;
        &lt;case&gt;
            &lt;if condition='${sys.isVariableDefined("_sys_export_type")}'&gt;
                &lt;template&gt;${_sys_export_type}&lt;/template&gt;
            &lt;/if&gt;
        &lt;/case&gt;
    &lt;/var-def&gt;

    &lt;var-def name="exportColumns"&gt;
        &lt;case&gt;
            &lt;if condition='${sys.isVariableDefined("_sys_export_columns")}'&gt;
                &lt;template&gt;${_sys_export_columns}&lt;/template&gt;
            &lt;/if&gt;
            &lt;else&gt;&lt;/else&gt;
        &lt;/case&gt;
    &lt;/var-def&gt;

    &lt;var-def name="columnNameCase"&gt;
        &lt;case&gt;
            &lt;if condition='${sys.isVariableDefined("_sys_column_name_case")}'&gt;
                &lt;template&gt;${_sys_column_name_case}&lt;/template&gt;
            &lt;/if&gt;
            &lt;else&gt;keep&lt;/else&gt;
        &lt;/case&gt;
    &lt;/var-def&gt;

    &lt;var-def name="dataOnly"&gt;
        &lt;case&gt;
            &lt;if condition='${sys.isVariableDefined("_sys_data_only")}'&gt;
                &lt;template&gt;${_sys_data_only}&lt;/template&gt;
            &lt;/if&gt;
            &lt;else&gt;true&lt;/else&gt;
        &lt;/case&gt;
    &lt;/var-def&gt;

    &lt;var-def name="datastoreName"&gt;
        &lt;script return="item.getWrappedObject().getRun().getDatastoreName()" /&gt;
    &lt;/var-def&gt;
    &lt;case&gt;
        &lt;if condition="${!datastoreName.isEmpty()}"&gt;
            &lt;insert-datastore   datastore-name="${datastoreName}" create="true"&gt;
                &lt;script return="hit_submission_data_item.getWrappedObject().getItemValueMap()"/&gt;
            &lt;/insert-datastore&gt;
        &lt;/if&gt;
    &lt;/case&gt;

    &lt;export include-original-data="true"
            export-type="${exportType}"
            export-columns="${exportColumns}"
            column-name-case="${columnNameCase}"
            &gt;
    &lt;/export&gt;
&lt;/config&gt;</content>
                                            <description>Default machine campaign for end step.</description>
                                            <includedConfigs/>
                                            <inclusionCode>76f2a721-4645-4ffc-a109-16b3d4596786</inclusionCode>
                                            <machineWorkSetting>
                                                <category>
                                                    <automation>false</automation>
                                                    <description/>
                                                    <enabled>true</enabled>
                                                    <executingType>MACHINE</executingType>
                                                    <name>Other</name>
                                                    <private>false</private>
                                                    <publicId>dd92f240-144b-4fef-8476-4ec0acbc1105</publicId>
                                                </category>
                                                <contentType>BLANK</contentType>
                                                <description/>
                                                <enabled>true</enabled>
                                                <name>Miscellaneous Tasks</name>
                                                <publicId>26e6e095-00bb-43fa-8c34-af0b18e71ac9</publicId>
                                                <version>
                                                    <lastModified>2024-05-27T12:35:14.597Z</lastModified>
                                                    <componentUuid>26e6e095-00bb-43fa-8c34-af0b18e71ac9</componentUuid>
                                                    <incrementalVersion>1.0</incrementalVersion>
                                                    <lastInChain>true</lastInChain>
                                                    <versionUuid>3f62e31d-d7f4-43fc-b941-024c040eb5dd</versionUuid>
                                                </version>
                                                <answers/>
                                                <machineWorkSettingType>BASIC</machineWorkSettingType>
                                                <template>
                                                    <content>&lt;?xml version="1.0" encoding="UTF-8"?&gt;
&lt;config charset="UTF-8"&gt;
	&lt;export include-original-data="true"&gt;
	&lt;/export&gt;
&lt;/config&gt;</content>
                                                    <name>Blank</name>
                                                    <origination>CREATED_MANUALLY</origination>
                                                    <status>ACTIVE</status>
                                                    <type>BASE_MACHINE</type>
                                                    <uuid>8f04bd99-7f51-4796-a528-d1a7c9ccfbc4</uuid>
                                                    <version>
                                                        <lastModified>2024-05-27T12:35:14.597Z</lastModified>
                                                        <componentUuid>8f04bd99-7f51-4796-a528-d1a7c9ccfbc4</componentUuid>
                                                        <incrementalVersion>1.0</incrementalVersion>
                                                        <lastInChain>false</lastInChain>
                                                        <versionUuid>665327f5-d4c1-4591-8545-ba8edfc10996</versionUuid>
                                                    </version>
                                                </template>
                                            </machineWorkSetting>
                                            <name>Final Results</name>
                                            <machineConfigOptions/>
                                            <sourceType>MANUAL</sourceType>
                                            <template>
                                                <content>&lt;?xml version="1.0" encoding="UTF-8"?&gt;
&lt;config charset="UTF-8"&gt;
	&lt;export include-original-data="true"&gt;
	&lt;/export&gt;
&lt;/config&gt;</content>
                                                <name>Blank</name>
                                                <origination>CREATED_MANUALLY</origination>
                                                <status>ACTIVE</status>
                                                <type>BASE_MACHINE</type>
                                                <uuid>8f04bd99-7f51-4796-a528-d1a7c9ccfbc4</uuid>
                                                <version>
                                                    <lastModified>2024-05-27T12:35:14.597Z</lastModified>
                                                    <componentUuid>8f04bd99-7f51-4796-a528-d1a7c9ccfbc4</componentUuid>
                                                    <incrementalVersion>1.0</incrementalVersion>
                                                    <lastInChain>false</lastInChain>
                                                    <versionUuid>3f659b39-e751-4f97-bbb4-ea60b4c6ae4e</versionUuid>
                                                </version>
                                            </template>
                                            <uuid>d6f0a6ca-b285-4839-977f-04fb25250994</uuid>
                                            <version>
                                                <lastModified>2024-05-27T12:35:14.597Z</lastModified>
                                                <componentUuid>9e5000e3-c243-42d3-b5ad-c6ac90dec35e</componentUuid>
                                                <incrementalVersion>1.0</incrementalVersion>
                                                <lastInChain>true</lastInChain>
                                                <versionUuid>05413013-6a62-4537-9452-1efaf73e035b</versionUuid>
                                            </version>
                                        </machineConfig>
                                        <moderation>false</moderation>
                                        <origination>CREATED_AUTOMATICALLY</origination>
                                        <requiresData>true</requiresData>
                                        <status>ACTIVE</status>
                                        <streamComplexRunThreshold>100</streamComplexRunThreshold>
                                        <streamTimeInterval>Immediately</streamTimeInterval>
                                        <streamTimeIntervalValue>0</streamTimeIntervalValue>
                                        <streamValueType>Percents</streamValueType>
                                        <title>Final Results</title>
                                        <type>SINGLE</type>
                                        <uuid>37d984c0-78f7-4749-871f-cbabccb35158</uuid>
                                        <validWorkflow>false</validWorkflow>
                                        <version>
                                            <lastModified>2024-05-27T12:35:14.597Z</lastModified>
                                            <componentUuid>9f6a0dc2-8693-11e7-be4e-06d2c080f20b</componentUuid>
                                            <incrementalVersion>1.0</incrementalVersion>
                                            <lastInChain>false</lastInChain>
                                            <versionUuid>7becffba-f736-4b76-be59-ec2b25d8247f</versionUuid>
                                        </version>
                                        <workSettingBase>false</workSettingBase>
                                    </campaign>
                                    <deleted>false</deleted>
                                    <lastModifiedAudit>
                                        <lastModified>2021-12-15T09:35:27.103Z</lastModified>
                                    </lastModifiedAudit>
                                    <skipForSTPCalculation>false</skipForSTPCalculation>
                                    <stepIndex>4</stepIndex>
                                    <stepPosition>END</stepPosition>
                                    <streamed>false</streamed>
                                    <uuid>0ddf2205-0139-4fc2-ae44-bd28e8cc4e51</uuid>
                                </campaignMap>
                            </campaignMaps>
                            <campaigns/>
                            <compositeCampaignVersion>NEW_WORKFLOW</compositeCampaignVersion>
                            <compositeStructureXml>&lt;?xml version="1.0" encoding="UTF-8" standalone="no"?&gt;&lt;mxGraphModel&gt;&lt;root&gt;&lt;mxCell id="0"/&gt;&lt;mxCell id="1" parent="0"/&gt;&lt;Start id="2" name="Start" type="start"&gt;&lt;mxCell parent="1" style="start" vertex="1"&gt;&lt;mxGeometry as="geometry" height="32.0" width="32.0" x="210.0" y="160.0"/&gt;&lt;/mxCell&gt;&lt;/Start&gt;&lt;MachineTask campaignMapUUID="e6fd68b6-afe1-43d5-8603-dbb8a47464e2" id="3" name="odf2-example-project-bcb v10.2.6.15 (submission-monitor)" taskUUID="3fc780d6-86ec-4518-9ba2-d791b0502201" type="machine_task"&gt;&lt;mxCell parent="1" style="machine_task" vertex="1"&gt;&lt;mxGeometry as="geometry" height="60.0" width="160.0" x="300.0" y="146.0"/&gt;&lt;/mxCell&gt;&lt;/MachineTask&gt;&lt;Link id="4" name="" type="link"&gt;&lt;mxCell edge="1" parent="1" source="2" style="link" target="3"&gt;&lt;mxGeometry as="geometry" relative="1" x="0.5" y="10.0"/&gt;&lt;/mxCell&gt;&lt;/Link&gt;&lt;Rule id="5" name="monitor loop" ruleUUID="62fed0a1-6b3a-4021-84a8-7e4ad03277de" type="rule"&gt;&lt;mxCell parent="1" style="rule" vertex="1"&gt;&lt;mxGeometry as="geometry" height="32.0" width="32.0" x="500.0" y="160.0"/&gt;&lt;/mxCell&gt;&lt;/Rule&gt;&lt;Link conditional="false" id="6" label="processing" name="" outcomeId="processing" ruleUUID="62fed0a1-6b3a-4021-84a8-7e4ad03277de" type="link"&gt;&lt;mxCell edge="1" parent="1" source="5" style="link" target="9"&gt;&lt;mxGeometry as="geometry"&gt;&lt;mxPoint as="targetPoint" x="755.0" y="196.0"/&gt;&lt;Array as="points"/&gt;&lt;/mxGeometry&gt;&lt;/mxCell&gt;&lt;/Link&gt;&lt;Link conditional="false" id="7" label="loop" name="" outcomeId="loop" ruleUUID="62fed0a1-6b3a-4021-84a8-7e4ad03277de" type="link"&gt;&lt;mxCell edge="1" parent="1" source="5" style="link" target="3"&gt;&lt;mxGeometry as="geometry"&gt;&lt;mxPoint as="targetPoint" x="610.0" y="50.0"/&gt;&lt;Array as="points"&gt;&lt;mxPoint x="516.0" y="100.0"/&gt;&lt;mxPoint x="380.0" y="100.0"/&gt;&lt;/Array&gt;&lt;mxPoint as="offset" x="2.0" y="-73.0"/&gt;&lt;/mxGeometry&gt;&lt;/mxCell&gt;&lt;/Link&gt;&lt;Link id="8" name="" type="link"&gt;&lt;mxCell edge="1" parent="1" source="3" style="link" target="5"&gt;&lt;mxGeometry as="geometry" relative="1" x="0.5" y="10.0"/&gt;&lt;/mxCell&gt;&lt;/Link&gt;&lt;MachineTask campaignMapUUID="7a8d65bb-034f-463d-920c-499a38a0b70f" id="9" name="odf2-example-project-bcb v10.2.6.15 (invoice-submission)" taskUUID="1984401d-92ba-4156-98af-8a6ff118710f" type="machine_task"&gt;&lt;mxCell parent="1" style="machine_task" vertex="1"&gt;&lt;mxGeometry as="geometry" height="60.0" width="160.0" x="650.0" y="146.0"/&gt;&lt;/mxCell&gt;&lt;/MachineTask&gt;&lt;MachineTask campaignMapUUID="307ab064-e62b-4c65-bf2b-dc1d98bb15d3" id="10" name="odf2-example-project-bcb v10.2.6.15 (finalize-submission)" taskUUID="2589f0e6-b834-4144-b20e-6a62600262bc" type="machine_task"&gt;&lt;mxCell parent="1" style="machine_task" vertex="1"&gt;&lt;mxGeometry as="geometry" height="60.0" width="160.0" x="870.0" y="146.0"/&gt;&lt;/mxCell&gt;&lt;/MachineTask&gt;&lt;Link id="11" name="" outcome="ApproveAll" outcomeId="ApproveAll" ruleUUID="73f63a1d-9751-4ad1-a5f7-7ab9097f4d2d" type="link"&gt;&lt;mxCell edge="1" parent="1" source="9" style="link" target="10"&gt;&lt;mxGeometry as="geometry" relative="1" x="0.5" y="10.0"/&gt;&lt;/mxCell&gt;&lt;/Link&gt;&lt;End campaignMapUUID="0ddf2205-0139-4fc2-ae44-bd28e8cc4e51" id="12" name="Final Results" type="end"&gt;&lt;mxCell parent="1" style="end" vertex="1"&gt;&lt;mxGeometry as="geometry" height="32.0" width="32.0" x="1080.0" y="160.0"/&gt;&lt;/mxCell&gt;&lt;/End&gt;&lt;Link id="13" name="" outcome="ApproveAll" outcomeId="ApproveAll" ruleUUID="f105361d-0ae2-49eb-8337-081ae1b980b6" type="link"&gt;&lt;mxCell edge="1" parent="1" source="10" style="link" target="12"&gt;&lt;mxGeometry as="geometry" relative="1" x="0.5" y="10.0"/&gt;&lt;/mxCell&gt;&lt;/Link&gt;&lt;/root&gt;&lt;/mxGraphModel&gt;</compositeStructureXml>
                            <createNewTrainingSet>false</createNewTrainingSet>
                            <description>Business Process description</description>
                            <executingType>COMPOSITE</executingType>
                            <goldBucketBlockSize>0</goldBucketBlockSize>
                            <goldRatio>0</goldRatio>
                            <goldSource>Empty</goldSource>
                            <goldType>Percentage</goldType>
                            <includeOriginalData>false</includeOriginalData>
                            <moderation>false</moderation>
                            <origination>CREATED_AUTOMATICALLY</origination>
                            <requiresData>false</requiresData>
                            <status>ACTIVE</status>
                            <streamComplexRunThreshold>1</streamComplexRunThreshold>
                            <streamTimeInterval>Immediately</streamTimeInterval>
                            <streamTimeIntervalValue>0</streamTimeIntervalValue>
                            <streamValueType>Tasks</streamValueType>
                            <title>[odf2-example-project v10.2.6.15] Data Submission</title>
                            <type>COMPOSITE</type>
                            <uuid>77605c35-88a6-4680-9d04-5a42caa4f7c8</uuid>
                            <validWorkflow>true</validWorkflow>
                            <version>
                                <lastModified>2021-12-15T09:35:27.103Z</lastModified>
                                <componentUuid>7b7a0152-a648-4c73-8495-506f21a7eb94</componentUuid>
                                <incrementalVersion>1.6</incrementalVersion>
                                <lastInChain>true</lastInChain>
                                <versionUuid>20038888-2e69-4ed1-955f-5b4a8e5136fd</versionUuid>
                            </version>
                            <workSettingBase>false</workSettingBase>
                        </campaign>
                        <description>
                            <automationType>NONE</automationType>
                            <dynamicTaskRenderingDisabled>false</dynamicTaskRenderingDisabled>
                            <goldRun>false</goldRun>
                            <qualificationTraining>false</qualificationTraining>
                            <snapshotType>CSV</snapshotType>
                            <stepDescription>{}</stepDescription>
                            <streamingValue>1</streamingValue>
                            <streamingValueType>Tasks</streamingValueType>
                            <taskParams>{"values":{"NAME":"odf2-example-project-bcb v10.2.6.15 (submission-monitor)"}}</taskParams>
                            <uploadResultsType>CREATE</uploadResultsType>
                        </description>
                        <executingType>MACHINE</executingType>
                        <forceComplete>false</forceComplete>
                        <forceCompleteIdleTime>0</forceCompleteIdleTime>
                        <forceCompletePercent>100</forceCompletePercent>
                        <lastModified>2021-12-15T09:38:31.177Z</lastModified>
                        <mixStrategy>
                            <additionalRows>0</additionalRows>
                            <blockSize>1</blockSize>
                            <goldItemSize>0</goldItemSize>
                            <goldPercentage>0</goldPercentage>
                            <goldRatio>true</goldRatio>
                            <mainRows>1</mainRows>
                            <repeated>false</repeated>
                        </mixStrategy>
                        <purged>false</purged>
                        <recordProcessingStatus>COMPLETED</recordProcessingStatus>
                        <recursiveCount>1</recursiveCount>
                        <rootRunUUID>16088599-e7c2-4c65-8bd8-ab12342e7ad8</rootRunUUID>
                        <runType>SIMPLE</runType>
                        <tags/>
                        <title>odf2-example-project-bcb v10.2.6.15 (submission-monitor)</title>
                        <uuid>a902b346-3704-4f17-bb07-38aaca174b8e</uuid>
                    </run>
                </runs>
                <automationUseCases/>
                <automationInfo/>
            </project>
            <hashCode>3940945317</hashCode>
        </objectContainer>
    </objects>
</objectListWrapper>